ID,Address,City,St,Price,TAREA,Style,RMA,TBD,FB,HB,E/S,Yr Built,DOM
C4241231,1117 DORCHESTER AV SW,Calgary,S,"$3,280,000 ",344.299,2 Storey,10,5,4,1,Yes,2018,21
C4224378,20 ASPEN RIDGE MR SW,Calgary,S,"$3,000,000 ",739.136,2 Storey,14,4,5,4,Yes,2008,136
C4226601,11370 VALLEY RIDGE PA NW,Calgary,S,"$2,900,000 ",395.767,2 Storey,9,4,4,2,Yes,2008,121
C4256228,67 ROSERY DR NW,Calgary,S,"$2,350,000 ",396.046,2 Storey,8,4,4,1,Yes,2012,0
C4247838,1125 VALOIS AV SW,Calgary,S,"$1,850,000 ",276.665,Bungalow,9,5,4,0,Yes,1953,13
C4248307,52 Patterson DR SW,Calgary,S,"$1,800,000 ",369.197,2 Storey,8,6,3,3,Yes,1981,16
C4239536,132 FORTRESS BA SW,Calgary,S,"$1,560,000 ",331.106,2 Storey,10,5,4,1,Yes,2017,78
C4248035,3608 13A ST SW,Calgary,S,"$1,480,000 ",298.219,2 Storey,9,6,3,1,Yes,2002,24
C4209577,27 CARMANGAY CR NW,Calgary,S,"$1,430,000 ",327.483,2 Storey,11,4,3,1,Yes,2006,259
C4248145,127 35 ST NW,Calgary,S,"$1,425,000 ",243.592,2 Storey,6,4,3,1,Yes,2011,21
C4210068,214 MAHOGANY MR SE,Calgary,S,"$1,400,000 ",331.106,2 Storey,9,5,4,1,Yes,2013,260
C4246154,3136 LINDEN DR SW,Calgary,S,"$1,362,500 ",192.774,2 Storey,8,5,2,1,Yes,1966,47
C4249081,3016 7 ST SW,Calgary,S,"$1,327,750 ",327.762,2 & Half St,12,3,3,1,Yes,1978,16
C4210426,3835 13 ST SW,Calgary,S,"$1,325,000 ",312.061,2 Storey,10,5,4,2,Yes,2005,240
C4253773,423 CRESCENT BV SW,Calgary,S,"$1,306,000 ",195.282,Bungalow,7,4,3,1,Yes,1956,11
C4252681,109 MT DOUGLAS CI SE,Calgary,S,"$1,294,000 ",206.709,Bungalow,6,3,2,1,Yes,2001,35
C4244602,90 AUBURN SOUND LD SE,Calgary,S,"$1,275,000 ",231.05,Bungalow,6,3,3,1,Yes,2006,38
C4247987,536 LAKE ERIE GR SE,Calgary,S,"$1,244,000 ",243.034,4 Lvl Split,9,5,4,1,Yes,1972,21
C4252865,326 SCIMITAR BA NW,Calgary,S,"$1,200,000 ",324.882,2 Storey,11,5,3,1,Yes,1987,18
C4223658,1947 46 AV SW,Calgary,S,"$1,183,900 ",221.109,2 Storey,8,4,3,1,Yes,2006,139
C4244116,49 DOUGLAS PARK MR SE,Calgary,S,"$1,150,000 ",203.551,Bungalow,8,4,3,0,Yes,1993,34
C4235406,2024 PUMP HILL WY SW,Calgary,S,"$1,150,000 ",296.454,2 Storey,12,5,3,1,Yes,1976,73
C4253418,310 16A ST NW,Calgary,S,"$1,140,000 ",202.529,2 Storey,8,4,3,1,Yes,2013,10
C4228764,325 SIGNAL HILL PT SW,Calgary,S,"$1,130,000 ",357.955,2 Storey,13,5,4,1,Yes,1991,126
C4254661,72 SIGNATURE HT SW,Calgary,S,"$1,105,000 ",453.46,2 Storey,5,6,7,1,Yes,1993,16
C4229773,59 DIEPPE DR SW,Calgary,S,"$1,101,200 ",288.464,3 Storey,11,4,3,1,Yes,2019,90
C4245336,507 30 AV SW,Calgary,S,"$1,100,000 ",174.1,Bungalow,7,4,3,0,Yes,1984,39
C4247600,1119 RIVERDALE AV SW,Calgary,S,"$1,090,000 ",172.428,1 & Half St,13,6,2,1,Yes,1963,14
C4246216,1238 LANSDOWNE AV SW,Calgary,S,"$1,075,000 ",151.153,Bungalow,6,3,2,0,No,1960,40
C4244575,1602 - 7 ST NW,Calgary,S,"$1,075,000 ",143.164,Bungalow,6,3,3,0,Yes,2012,40
C4226348,62 AUBURN SOUND LD SE,Calgary,S,"$1,075,000 ",173.357,Bungalow,6,4,4,0,Yes,2006,122
C4249201,14 ASPEN CLIFF PL SW,Calgary,S,"$1,059,796 ",289.486,2 Storey,9,4,3,1,No,2010,12
C4253021,4 VARBROOK PL NW,Calgary,S,"$1,030,000 ",274.528,2 Storey,10,5,3,1,Yes,1969,9
C4229875,42 ASPEN RIDGE WY SW,Calgary,S,"$1,030,000 ",170.57,Bungalow,5,4,2,1,Yes,2003,122
C4249090,524 LAKE NEWELL CR SE,Calgary,S,"$1,025,000 ",241.548,2 Sty Split,8,6,3,0,Yes,1973,11
C4224317,2333 WESTMOUNT RD NW,Calgary,S,"$1,010,900 ",203.458,2 Storey,7,5,3,1,Yes,1998,162
C4249353,95 SIGNATURE HT SW,Calgary,S,"$1,008,000 ",299.426,2 Storey,9,5,3,1,Yes,1994,13
C4237586,2205 32 AV SW,Calgary,S,"$1,000,000 ",225.476,3 Storey,8,4,3,1,Yes,2011,96
C4242654,11020 WILLOWFERN DR SE,Calgary,S,"$975,000 ",214.606,2 Storey,7,5,3,1,Yes,1969,48
C4232813,64 WESTPARK CR SW,Calgary,S,"$975,000 ",257.341,2 Storey,9,4,3,1,Yes,2009,112
C4223423,3319 UPTON PL NW,Calgary,S,"$974,000 ",259.85,1 & Half St,10,5,3,1,Yes,1965,99
C4244837,90 CRANBROOK RI SE,Calgary,S,"$970,000 ",268.954,2 Storey,9,4,3,1,Yes,2018,31
C4253655,1315 4A ST NW,Calgary,S,"$965,000 ",144.836,Bungalow,6,4,2,1,Yes,1934,1
C4252727,536 SUNDERLAND AV SW,Calgary,S,"$960,000 ",160.815,Bungalow,7,4,2,0,No,1948,8
C4244795,1927 6 ST SE,Calgary,S,"$950,000 ",78.039,2 Storey,7,3,2,0,No,1938,30
C4206594,108 WOOD WILLOW CL SW,Calgary,S,"$946,000 ",367.153,2 Storey,12,5,4,1,Yes,1985,293
C4243175,67 DISCOVERY RIDGE MT SW,Calgary,S,"$945,000 ",290.879,2 Storey,12,5,3,1,Yes,2004,58
C4225125,35 Cranarch RI SE,Calgary,S,"$945,000 ",264.309,2 Storey,10,3,3,1,Yes,2012,150
C4256579,29 VAL GARDENA PL SW,Calgary,S,"$935,800 ",258.085,2 Storey,10,4,3,1,Yes,2007,10
C4242105,44 CHRISTIE KNOLL HT SW,Calgary,S,"$920,300 ",232.165,2 Storey,10,4,3,1,Yes,1989,65
C4254646,3412 UNDERWOOD PL NW,Calgary,S,"$920,000 ",254.554,2 Storey,11,5,2,1,Yes,1966,10
C4249298,4323 15 ST SW,Calgary,S,"$910,000 ",197.791,2 Storey,9,4,3,1,Yes,1969,10
C4255343,542 VARSITY ESTATES PL NW,Calgary,S,"$905,000 ",208.66,2 Storey,9,4,2,1,Yes,1976,4
C4253003,38 EDENSTONE VW NW,Calgary,S,"$900,000 ",241.641,2 Storey,10,4,2,1,Yes,1988,3
C4249407,1211 HAMILTON ST NW,Calgary,S,"$900,000 ",205.223,2 Storey,9,5,3,1,Yes,1954,33
C4243259,270 MAHOGANY PL SE,Calgary,S,"$900,000 ",291.994,2 Storey,11,5,3,1,Yes,2015,42
C4248158,26 VARBOW PL NW,Calgary,S,"$895,000 ",214.42,2 Storey,8,5,3,1,Yes,1969,16
C4247398,38 WESTLAND MR SW,Calgary,S,"$892,000 ",254.74,2 Storey,9,4,3,1,Yes,2014,26
C4243584,14140 PARK ESTATES DR SE,Calgary,S,"$886,500 ",196.211,2 Sty Split,9,5,3,1,Yes,1974,62
C4254928,243 SILVER HILL WY NW,Calgary,S,"$880,000 ",183.948,2 Storey,9,4,3,0,Yes,1976,4
C4248603,143 CHRISTIE PARK VW SW,Calgary,S,"$870,000 ",195.189,Bungalow,7,4,3,1,Yes,1993,12
C4247467,435 AUBURN SHORES LD SE,Calgary,S,"$870,000 ",253.811,2 Storey,9,4,2,1,Yes,2016,20
C4237334,126 CHAPALA CL SE,Calgary,S,"$870,000 ",286.141,2 Storey,13,4,3,1,Yes,2004,68
C4235895,1409 1 AV NW,Calgary,S,"$870,000 ",128.578,2 Storey,8,3,2,1,No,2010,93
C4243393,728 26 AV NW,Calgary,S,"$865,000 ",165.646,2 Storey,8,4,3,1,Yes,1950,44
C4246063,109 8 AV NE,Calgary,S,"$860,000 ",164.81,2 & Half St,8,3,3,1,Yes,2008,29
C4221949,2005 PUMP HILL WY SW,Calgary,S,"$860,000 ",319.679,2 Sty Split,11,4,3,1,Yes,1976,172
C4245163,175 SIENNA HILLS DR SW,Calgary,S,"$853,000 ",234.859,2 Storey,9,4,3,1,Yes,1994,37
C4233875,132 SIENNA PARK DR SW,Calgary,S,"$850,000 ",241.083,2 Storey,9,5,3,1,Yes,2002,97
C4214343,96 TUSCANY ESTATES CL NW,Calgary,S,"$850,000 ",228.82,2 Storey,9,5,3,1,Yes,2007,231
C4237064,80 CHRISTIE KNOLL HT SW,Calgary,S,"$849,700 ",198.069,Bungalow,7,3,3,0,Yes,1989,86
C4254098,25 PATTERSON PA SW,Calgary,S,"$848,500 ",281.125,2 Storey,10,6,3,1,Yes,1996,6
C4253865,159 ARBOUR BUTTE RD NW,Calgary,S,"$845,000 ",268.676,2 Storey,8,3,2,1,Yes,2012,14
C4249440,1107 LAKE CHRISTINA PL SE,Calgary,S,"$845,000 ",172.893,Bungalow,8,4,3,0,Yes,1970,6
C4245779,38 DISCOVERY RIDGE WY SW,Calgary,S,"$845,000 ",242.477,2 Storey,10,4,3,1,Yes,2007,25
C4247940,31 ELGIN ESTATES GR SE,Calgary,S,"$840,000 ",272.67,2 Storey,10,4,3,1,Yes,2010,20
C4254607,96 STRATHLEA CO SW,Calgary,S,"$835,000 ",211.076,2 Storey,8,4,3,1,Yes,2000,9
C4242125,520 COACH GROVE RD SW,Calgary,S,"$834,600 ",257.899,2 Storey,12,5,3,1,Yes,1984,53
C4255714,113 YPRES GR SW,Calgary,S,"$830,000 ",207.545,2 Storey,8,4,3,1,Yes,2003,17
C4253245,137 HAMPTONS GD NW,Calgary,S,"$830,000 ",163.974,Bungalow,7,3,2,1,Yes,1998,7
C4229537,71 EVANSRIDGE VW NW,Calgary,S,"$830,000 ",253.532,2 Storey,9,3,2,1,Yes,2012,89
C4254493,408 BRUNSWICK AV SW,Calgary,S,"$829,000 ",130.25,Bungalow,7,4,2,0,No,1953,8
C4248797,5627 LADBROOKE PL SW,Calgary,S,"$827,500 ",129.042,Bungalow,5,4,3,0,Yes,1967,19
C4241724,127 CHRISTIE PARK HL SW,Calgary,S,"$823,500 ",201.507,2 Storey,10,4,3,1,Yes,1989,58
C4255833,136 OAKMOUNT RD SW,Calgary,S,"$821,000 ",268.397,2 Storey,10,5,3,1,Yes,1979,13
C4255457,7 VARSITY RIDGE TC NW,Calgary,S,"$819,888 ",238.482,2 Storey,11,4,3,1,Yes,1989,12
C4253856,27 LAKE BONAVENTURE PL SE,Calgary,S,"$817,000 ",177.352,Bungalow,9,5,3,0,Yes,1977,20
C4238029,49 WALDEN PA SE,Calgary,S,"$810,000 ",236.252,2 Storey,9,4,3,1,Yes,2015,84
C4214773,147 VARSITY ESTATES TC NW,Calgary,S,"$810,000 ",190.451,Bungalow,9,5,5,0,Yes,1988,222
C4253282,84 ASPEN STONE WY SW,Calgary,S,"$806,800 ",252.975,2 Storey,9,5,3,1,Yes,2007,15
C4253901,4702 21 ST SW,Calgary,S,"$805,000 ",160.165,2 Storey,9,4,3,1,Yes,2000,19
C4248876,37 SCANDIA HL NW,Calgary,S,"$805,000 ",187.292,Bungalow,8,3,2,1,Yes,1988,11
C4248174,413 SCARBORO AV SW,Calgary,S,"$800,000 ",166.018,Bungalow,7,5,2,0,No,1918,23
C4252667,1937 48 AV SW,Calgary,S,"$797,000 ",182.647,2 Storey,7,4,3,1,Yes,2004,11
C4244721,4619 VEGAS RD NW,Calgary,S,"$795,000 ",119.38,Bungalow,6,4,3,0,Yes,1965,17
C4242698,251 ASPEN STONE PL SW,Calgary,S,"$795,000 ",235.323,2 Storey,6,4,3,1,Yes,2009,67
C4244745,31 SYDNEY DR SW,Calgary,S,"$785,000 ",167.318,Bungalow,8,5,3,1,Yes,2010,53
C4236752,623 WILDERNESS DR SE,Calgary,S,"$785,000 ",228.077,2 Storey,10,6,3,1,Yes,1969,76
C4222793,1606 42 ST SW,Calgary,S,"$785,000 ",210.054,2 Storey,6,4,3,1,Yes,2019,165
C4247935,169 ASPEN HILLS WY SW,Calgary,S,"$784,000 ",206.802,2 Storey,8,4,3,1,Yes,2009,20
C4244861,97 STRATHLEA CO SW,Calgary,S,"$783,000 ",236.345,2 Storey,9,4,3,1,Yes,2002,49
C4248234,173 WEST COACH PL SW,Calgary,S,"$780,000 ",229.935,2 Storey,9,3,2,1,Yes,2009,40
C4248195,230 SIENNA PARK BA SW,Calgary,S,"$780,000 ",165.089,Bungalow,6,5,2,1,Yes,2001,13
C4228338,225 DOUGLAS PARK BV SE,Calgary,S,"$780,000 ",148.273,Bungalow,6,3,2,1,Yes,1995,131
C4239453,30 SIMCREST MR SW,Calgary,S,"$772,500 ",244.056,2 Storey,11,5,2,1,Yes,2000,48
C4255157,7739 SPRINGBANK WY SW,Calgary,S,"$769,000 ",188.5,2 Storey,9,5,3,1,Yes,2000,11
C4245338,704 Varsity Estates PL NW,Calgary,S,"$766,500 ",164.438,2 Storey,8,4,2,2,Yes,1976,38
C4244848,120 EVERGREEN PZ SW,Calgary,S,"$765,000 ",169.455,Bungalow,5,4,2,2,Yes,2005,36
C4238831,2231 25 AV NW,Calgary,S,"$765,000 ",168.34,2 Storey,7,4,3,1,Yes,2018,76
C4245762,518 53 AV SW,Calgary,S,"$760,000 ",172.056,2 Storey,8,4,3,1,Yes,2012,16
C4242734,146 CRANBROOK CI SE,Calgary,S,"$760,000 ",255.205,2 Storey,10,4,2,1,Yes,2017,52
C4240938,27 MIDLAND CR SE,Calgary,S,"$760,000 ",169.269,4 Lvl Split,7,5,3,1,Yes,1980,70
C4225618,627 LAKE MORAINE WY SE,Calgary,S,"$760,000 ",160.908,2 Sty Split,8,5,3,1,Yes,1973,127
C4249014,125 HAMPTONS GD NW,Calgary,S,"$759,000 ",249.352,2 Storey,11,5,3,1,Yes,1998,6
C4252609,124 MIKE RALPH WY SW,Calgary,S,"$758,000 ",213.956,2 Storey,9,5,3,1,Yes,2007,15
C4235745,111 LAKE TAHOE GR SE,Calgary,S,"$758,000 ",165.182,Bungalow,8,5,3,0,Yes,1975,83
C4238921,3043 6 ST SW,Calgary,S,"$755,000 ",106.281,Bungalow,6,2,1,0,No,1925,54
C4248071,5336 BANNERMAN DR NW,Calgary,S,"$752,500 ",112.97,Bungalow,6,4,2,0,No,1966,23
C4248913,1043 KILDONAN CR SW,Calgary,S,"$750,000 ",121.424,Bi-Level,6,4,3,0,Yes,1962,15
C4243524,55 Sienna Heights WY SW,Calgary,S,"$742,000 ",147.065,Bungalow,6,4,3,0,Yes,1999,65
C4255921,118 CHAPALA CL SE,Calgary,S,"$740,000 ",289.393,2 Storey,11,3,2,1,Yes,2003,16
C4249019,184 PARK ESTATES PL SE,Calgary,S,"$740,000 ",215.442,2 Sty Split,10,5,3,1,Yes,1974,38
C4244669,17 DISCOVERY RIDGE LI SW,Calgary,S,"$738,000 ",228.356,2 Storey,10,3,2,1,Yes,2001,48
C4233898,92 COUGAR RIDGE MR SW,Calgary,S,"$734,000 ",237.925,2 Storey,11,4,3,1,Yes,2013,85
C4253747,5204 BAINES RD NW,Calgary,S,"$731,500 ",121.796,Bungalow,6,3,3,0,Yes,1964,11
C4247268,132 Holly ST NW,Calgary,S,"$730,000 ",192.774,2 Storey,7,4,3,1,Yes,2019,34
C4223498,707 WILLAMETTE DR SE,Calgary,S,"$730,000 ",175.68,2 Storey,8,4,2,1,No,1971,142
C4243323,147 CANTER PL SW,Calgary,S,"$727,500 ",322.373,2 Storey,13,4,3,0,Yes,1987,38
C4257182,215 11A ST NW,Calgary,S,"$725,000 ",92.531,Bungalow,5,3,2,0,No,1912,7
C4249462,5051 NORRIS RD NW,Calgary,S,"$725,000 ",177.445,2 Sty Split,8,6,4,0,Yes,1982,10
C4222440,63 WENTWORTH MR SW,Calgary,S,"$725,000 ",215.163,2 Storey,10,5,3,1,Yes,2003,156
C4253880,104 MT ROBSON CI SE,Calgary,S,"$715,000 ",193.331,2 Sty Split,9,4,3,1,Yes,1989,11
C4249537,44 OAKMOUNT CO SW,Calgary,S,"$715,000 ",260.686,2 Storey,11,5,3,1,Yes,1987,26
C4245090,124 PATTERSON DR SW,Calgary,S,"$714,888 ",172.242,Bungalow,6,3,2,1,Yes,1992,48
C4252823,73 ASPENSHIRE DR SW,Calgary,S,"$714,000 ",201.135,2 Storey,8,3,2,1,Yes,2011,35
C4245995,75 CANTERBURY DR SW,Calgary,S,"$710,000 ",288.65,2 Storey,13,4,2,2,Yes,1980,31
C4244679,35 AUBURN SOUND MR SE,Calgary,S,"$710,000 ",220.366,2 Storey,9,4,3,1,Yes,2010,27
C4237028,246 EDGEBROOK PA NW,Calgary,S,"$710,000 ",201.042,2 Storey,9,4,3,1,Yes,1998,78
C4239699,652 WILLOW BROOK DR SE,Calgary,S,"$708,500 ",208.289,2 Sty Split,9,4,2,1,Yes,1966,56
C4238881,41 HIDDEN VALLEY HT NW,Calgary,S,"$708,000 ",229.563,2 Storey,7,4,3,1,Yes,1994,91
C4242201,74 AUTUMN GV SE,Calgary,S,"$700,000 ",135.824,Bungalow,6,3,2,1,Yes,2007,64
C4229573,111 MASTERS WY SE,Calgary,S,"$700,000 ",229.192,2 Storey,11,4,2,1,Yes,2017,107
C4225904,3414 13A ST SW,Calgary,S,"$700,000 ",98.57,Bungalow,5,4,2,0,No,1949,147
C4241442,5815 LONDONDERRY CR SW,Calgary,S,"$695,000 ",104.516,Bungalow,6,5,3,0,Yes,1967,57
C4253232,79 PANTON RD NW,Calgary,S,"$689,900 ",199.277,2 Storey,7,4,3,1,Yes,2014,16
C4191367,8 Edgevalley Place N.W. PL NW,Calgary,S,"$689,900 ",207.824,2 Sty Split,9,6,3,1,Yes,1992,9
C4235702,9159 EDGEBROOK DR NW,Calgary,S,"$686,000 ",214.606,2 Storey,9,5,3,1,Yes,1996,93
C4254124,114 ROCKYSPRING CI NW,Calgary,S,"$685,000 ",245.636,2 Storey,10,3,2,1,Yes,2007,27
C4253428,712 LAKE LUCERNE DR SE,Calgary,S,"$685,000 ",161.465,4 Lvl Split,9,4,2,1,Yes,1972,18
C4247595,103 DALCASTLE ME NW,Calgary,S,"$685,000 ",221.109,2 Storey,11,5,3,1,No,1980,43
C4244778,172 ARBOUR GLEN CL NW,Calgary,S,"$684,000 ",169.548,Bungalow,8,4,3,0,Yes,1994,50
C4219560,3224 BARR RD NW,Calgary,S,"$681,888 ",112.97,Bungalow,6,4,3,0,Yes,1962,200
C4253338,4436 BRENTWOOD GR NW,Calgary,S,"$680,000 ",103.308,Bungalow,6,5,3,0,Yes,1963,18
C4252694,14 SHERWOOD GD NW,Calgary,S,"$680,000 ",228.634,2 Storey,9,4,3,1,No,2004,15
C4241743,202 CRANLEIGH BA SE,Calgary,S,"$680,000 ",181.347,Bungalow,7,3,2,1,Yes,2005,50
C4238018,711 ROYAL CO NW,Calgary,S,"$680,000 ",227.055,2 Storey,8,5,3,1,Yes,2006,68
C4248475,2212 LAKE BONAVISTA DR SE,Calgary,S,"$675,000 ",135.174,Bungalow,7,4,3,0,Yes,1974,17
C4247541,32 EVERCREEK BLUFFS CR SW,Calgary,S,"$675,000 ",217.765,2 Storey,8,4,3,1,Yes,2004,21
C4244227,95 ARBOUR GLEN CL NW,Calgary,S,"$675,000 ",139.633,Bungalow,7,3,2,1,Yes,1992,27
C4235291,87 CRANWELL CL SE,Calgary,S,"$675,000 ",234.859,2 Storey,9,5,3,1,Yes,2002,83
C4228233,118 SUNSET WY SE,Calgary,S,"$675,000 ",213.956,2 Storey,10,4,3,1,Yes,1989,136
C4242865,430 MT DOUGLAS PL SE,Calgary,S,"$672,500 ",186.828,Bungalow,8,4,3,0,Yes,2001,49
C4247502,39 CRANBROOK LN SE,Calgary,S,"$672,000 ",235.23,2 Storey,8,4,3,1,Yes,2016,12
C4254584,1819 29 AV SW,Calgary,S,"$670,000 ",120.402,2 Storey,6,3,3,0,Yes,1982,14
C4248257,25 DEER RIVER GR SE,Calgary,S,"$670,000 ",194.911,2 Sty Split,10,5,4,0,Yes,1988,21
C4243578,33 LISSINGTON DR SW,Calgary,S,"$670,000 ",123.654,Bungalow,6,4,2,0,No,1959,51
C4247689,176 SCENIC RIDGE CR NW,Calgary,S,"$669,000 ",266.632,2 Storey,9,5,3,1,Yes,1991,37
C4245792,7836 CHARDIE RD SW,Calgary,S,"$669,000 ",145.486,4 Lvl Split,7,4,2,1,Yes,1960,15
C4248525,57 VALLEY WOODS LD NW,Calgary,S,"$667,500 ",183.019,2 Storey,9,4,3,1,Yes,2006,20
C4245181,1815 13 AV NW,Calgary,S,"$665,000 ",94.947,Bungalow,5,3,2,0,No,1952,47
C4241369,13 QUARRY CO SE,Calgary,S,"$665,000 ",208.196,2 Storey,9,4,3,1,Yes,2010,47
C4240937,25 STRATHLEA CO SW,Calgary,S,"$665,000 ",222.224,2 Storey,8,3,2,1,Yes,2000,54
C4232049,54 DISCOVERY RIDGE WY SW,Calgary,S,"$665,000 ",216.371,2 Storey,9,4,3,1,Yes,2003,106
C4238664,2635 26A ST SW,Calgary,S,"$663,975 ",163.416,2 Storey,8,4,3,1,Yes,2006,52
C4232892,51 HAWKSIDE CL NW,Calgary,S,"$662,500 ",298.126,2 Storey,10,5,2,1,Yes,1987,90
C4248348,11 SIMCOE TC SW,Calgary,S,"$661,000 ",196.211,2 Storey,9,4,3,1,Yes,2001,29
C4248432,226 11 ST NW,Calgary,S,"$660,000 ",92.903,Bungalow,5,1,1,0,No,1912,23
C4232639,152 CHAPARRAL RAVINE VW SE,Calgary,S,"$660,000 ",233.372,2 Storey,9,3,2,1,Yes,2006,109
C4236867,1106 17 AV NW,Calgary,S,"$657,500 ",147.158,2 Storey,6,4,3,1,Yes,2011,89
C4243216,703 WILLINGDON BV SE,Calgary,S,"$656,500 ",117.337,2 Sty Split,6,4,3,1,Yes,1968,38
C4248413,29 Glenside DR SW,Calgary,S,"$655,000 ",170.477,2 Storey,8,5,3,1,Yes,1959,33
C4242225,363 PARKWOOD CL SE,Calgary,S,"$655,000 ",116.129,Bungalow,5,3,3,0,Yes,1973,54
C4240976,12503 LAKE FRASER WY SE,Calgary,S,"$655,000 ",168.619,2 Storey,10,4,2,1,Yes,1975,70
C4225805,83 NOLANCLIFF CR NW,Calgary,S,"$655,000 ",235.602,2 Storey,6,4,3,1,No,2014,131
C4254319,3 SCANDIA RI NW,Calgary,S,"$653,500 ",152.825,Bungalow,7,3,2,1,Yes,1992,8
C4237053,52 MAHOGANY MR SE,Calgary,S,"$650,000 ",238.482,2 Storey,9,4,3,1,Yes,2011,74
C4233025,137 VALLEY RIDGE CO NW,Calgary,S,"$650,000 ",165.739,Bungalow,7,4,3,0,Yes,1993,99
C4255469,1407 1 ST NW,Calgary,S,"$649,800 ",201.785,2 & Half St,9,3,2,0,No,1915,10
C4248684,4216 26 ST NW,Calgary,S,"$647,400 ",133.966,Bungalow,7,4,3,0,Yes,1961,15
C4247660,530 11 AV NE,Calgary,S,"$647,000 ",131.086,2 Storey,7,2,1,1,No,1914,9
C4235932,603 WILLOW PARK DR SE,Calgary,S,"$646,500 ",167.411,2 Storey,7,4,3,1,Yes,1966,75
C4245903,77 MASTERS CM SE,Calgary,S,"$644,000 ",222.038,2 Storey,8,4,3,1,Yes,2014,34
C4232601,115 /117 30 AV NW,Calgary,S,"$643,000 ",84.449,Bi-Level,5,4,2,0,No,1971,92
C4254465,58 Cougarstone TC SW,Calgary,S,"$642,500 ",208.846,2 Storey,8,5,3,1,Yes,2006,17
C4246109,277 INVERNESS PA SE,Calgary,S,"$642,500 ",237.274,2 Storey,8,3,3,1,Yes,1998,34
C4244702,208 CANTER PL SW,Calgary,S,"$642,000 ",269.326,2 Storey,12,4,4,0,Yes,1980,59
C4242949,2888 Signal Hill DR SW,Calgary,S,"$642,000 ",170.198,2 Storey,9,3,3,1,Yes,1989,39
C4233972,311 OAKSIDE CI SW,Calgary,S,"$640,000 ",261.057,2 Sty Split,11,4,3,1,Yes,1978,85
C4213553,270 CRESTMONT DR SW,Calgary,S,"$639,500 ",200.299,2 Storey,12,5,3,1,Yes,2018,216
C4253400,7488 SPRINGBANK WY SW,Calgary,S,"$639,000 ",190.451,2 Storey,9,4,3,1,Yes,2002,9
C4249126,145 MT CASCADE CL SE,Calgary,S,"$639,000 ",246.379,2 Storey,10,5,4,0,Yes,1993,8
C4244235,113 TUSSLEWOOD TC NW,Calgary,S,"$639,000 ",177.352,2 Storey,8,4,3,1,Yes,2004,60
C4236827,36 VALLEY WOODS WY NW,Calgary,S,"$638,000 ",207.081,2 Storey,8,5,3,1,Yes,2005,94
C4245922,225 AUBURN GLEN MR SE,Calgary,S,"$637,500 ",225.754,2 Storey,9,4,3,1,Yes,2010,24
C4249170,123 ST MORITZ TC SW,Calgary,S,"$636,000 ",179.303,2 Storey,8,4,3,1,Yes,2005,24
C4253630,209 WENTWORTH PA SW,Calgary,S,"$635,000 ",186.549,2 Storey,9,4,3,1,Yes,2002,11
C4249488,5144 BARRON DR NW,Calgary,S,"$635,000 ",121.331,Bungalow,6,4,2,1,Yes,1965,30
C4235845,144 MAPLEBURN DR SE,Calgary,S,"$635,000 ",242.105,2 Storey,10,4,2,1,Yes,1968,90
C4256254,199 RIVERVIEW CI SE,Calgary,S,"$634,000 ",205.873,2 Storey,7,4,3,1,Yes,1994,8
C4244103,64 COUGARTOWN CL SW,Calgary,S,"$633,000 ",186.828,2 Storey,9,4,3,1,Yes,2006,37
C4229025,343 CANTER PL SW,Calgary,S,"$633,000 ",248.794,2 Storey,11,5,3,1,Yes,1980,105
C4245312,270 CRANLEIGH VW SE,Calgary,S,"$632,500 ",221.76,2 Storey,9,5,3,1,Yes,2006,27
C4235363,5027 BROCKINGTON RD NW,Calgary,S,"$632,500 ",121.703,4 Lvl Split,7,5,4,0,Yes,1963,89
C4246143,14 MARQUIS HT SE,Calgary,S,"$632,000 ",227.148,2 Storey,9,5,3,1,Yes,2013,26
C4254838,55 MIDLAND CR SE,Calgary,S,"$630,000 ",129.693,Bungalow,8,4,2,0,Yes,1980,21
C4253758,24 SIGNATURE PL SW,Calgary,S,"$630,000 ",156.635,Bungalow,6,4,3,0,Yes,1992,9
C4243889,2240 CAPITOL HILL CR NW,Calgary,S,"$630,000 ",108.789,Bungalow,6,4,2,0,No,1953,41
C4241552,1447 ACADIA DR SE,Calgary,S,"$630,000 ",168.526,2 Sty Split,10,5,3,1,Yes,1976,63
C4249026,2023 21 AV SW,Calgary,S,"$628,000 ",155.055,2 Storey,8,3,3,0,Yes,1912,20
C4253271,128 VALLEY STREAM CL NW,Calgary,S,"$627,500 ",217.486,2 Storey,9,4,3,1,Yes,2000,27
C4242838,160 Sherview GV NW,Calgary,S,"$627,500 ",208.567,2 Storey,9,5,3,1,Yes,2017,40
C4248863,2903 13 AV NW,Calgary,S,"$625,000 ",113.342,Bungalow,6,3,2,0,No,1954,17
C4248016,245 AUBURN GLEN MR SE,Calgary,S,"$625,000 ",210.518,2 Storey,9,3,3,1,Yes,2010,43
C4244441,88 EVERGREEN LN SW,Calgary,S,"$625,000 ",247.958,2 Storey,9,5,3,1,Yes,2004,59
C4243626,51 Nolancrest MR NW,Calgary,S,"$625,000 ",222.874,2 Storey,7,3,3,1,Yes,2016,63
C4229682,150 HESTON ST NW,Calgary,S,"$625,000 ",105.631,Bungalow,5,4,3,0,Yes,1956,99
C4215146,429 11 AV NE,Calgary,S,"$625,000 ",162.116,2 Storey,8,4,3,1,Yes,2002,187
C4241977,52 Cranleigh Ct SE,Calgary,S,"$624,999 ",229.842,2 Storey,10,5,3,1,Yes,2002,61
C4253896,215 PARKVALLEY DR SE,Calgary,S,"$624,900 ",134.245,Bungalow,8,4,3,0,Yes,1975,14
C4245594,224 8 AV NE,Calgary,S,"$624,000 ",118.266,Bungalow,6,2,1,0,No,1928,39
C4243104,122 ARBOUR STONE RI NW,Calgary,S,"$623,000 ",215.349,2 Storey,11,5,4,0,Yes,1998,56
C4254426,212 Edgeridge GD NW,Calgary,S,"$622,000 ",219.53,2 Storey,12,3,3,1,No,1998,13
C4249115,2603 34 AV NW,Calgary,S,"$620,000 ",130.064,4 Lvl Split,8,3,2,0,No,1961,13
C4243361,143 PARKVIEW WY SE,Calgary,S,"$620,000 ",170.849,2 Sty Split,9,4,3,1,Yes,1975,31
C4242533,142 CRANBROOK CI SE,Calgary,S,"$620,000 ",136.66,Bungalow,6,2,2,0,Yes,2016,45
C4241921,3204 KERRYDALE RD SW,Calgary,S,"$620,000 ",146.415,2 Storey,6,3,2,0,No,1953,49
C4237189,49 EVEROAK PA SW,Calgary,S,"$620,000 ",220.923,2 Storey,9,4,3,1,Yes,2007,86
C4236787,20 SUNMOUNT CR SE,Calgary,S,"$620,000 ",131.365,Bungalow,7,5,3,0,Yes,1981,101
C4254923,76 EDCATH RI NW,Calgary,S,"$617,500 ",192.96,2 Storey,10,4,3,1,Yes,1987,12
C4248630,232 12 ST NE,Calgary,S,"$617,000 ",77.295,Bungalow,4,2,2,0,Yes,1949,27
C4253973,25 KENDALL PL SW,Calgary,S,"$615,000 ",120.774,Bungalow,6,4,3,0,Yes,1959,21
C4248428,49 MT GIBRALTAR HT SE,Calgary,S,"$615,000 ",231.886,2 Storey,10,5,3,1,Yes,1998,24
C4226524,52 Arbour Ridge PL NW,Calgary,S,"$614,000 ",237.089,2 Storey,9,4,3,1,Yes,1993,131
C4243581,5812 21 ST SW,Calgary,S,"$613,000 ",94.575,Bungalow,5,4,2,0,Yes,1960,40
C4247350,59 HAMPSTEAD PT NW,Calgary,S,"$612,500 ",209.218,2 Storey,10,4,3,1,Yes,1999,31
C4248245,18 HOLLY ST NW,Calgary,S,"$612,000 ",124.397,3 Lvl Split,6,3,2,0,No,1955,20
C4255222,739 23 AV NW,Calgary,S,"$610,000 ",107.024,Bungalow,6,6,2,0,No,1948,11
C4254705,69 EVERGREEN CR SW,Calgary,S,"$610,000 ",157.099,Bungalow,6,4,3,0,Yes,2000,16
C4244735,127 CANTERVILLE RD SW,Calgary,S,"$610,000 ",276.386,2 Storey,11,5,4,0,Yes,1981,30
C4228728,100 Panamount CM NW,Calgary,S,"$610,000 ",207.638,2 Storey,8,4,3,1,Yes,2009,119
C4245368,284 EDGEBROOK GD NW,Calgary,S,"$608,500 ",184.505,2 Sty Split,10,4,3,1,Yes,1992,53
C4243960,46 SPRINGBANK CR SW,Calgary,S,"$603,500 ",221.945,2 Storey,10,5,3,1,Yes,1998,42
C4245128,739 SCHOONER CV NW,Calgary,S,"$602,500 ",158.864,Bungalow,5,3,3,0,Yes,1996,36
C4244205,48 STRATHRIDGE CR SW,Calgary,S,"$602,000 ",188.593,2 Storey,8,5,3,1,Yes,1998,36
C4253837,529 SCHOONER LD NW,Calgary,S,"$600,000 ",202.436,2 Storey,11,5,3,1,Yes,1993,18
C4205318,65 TARALAKE MR NE,Calgary,S,"$600,000 ",230.214,2 Storey,10,7,5,0,Yes,2012,288
C4242579,523 RANCH ESTATES PL NW,Calgary,S,"$599,500 ",186.271,5 Lvl Split,8,4,3,1,Yes,1979,56
C4238911,50 EVERGREEN TC SW,Calgary,S,"$599,500 ",228.82,2 Sty Split,9,6,3,1,Yes,1991,70
C4254274,536 SIERRA MORENA PL SW,Calgary,S,"$597,500 ",176.237,2 Sty Split,10,6,3,1,Yes,1993,17
C4253038,18 HAMPSHIRE CI NW,Calgary,S,"$597,500 ",239.69,2 Storey,10,5,3,1,Yes,1992,26
C4238468,184 MIKE RALPH WY SW,Calgary,S,"$597,500 ",131.179,2 Storey,7,3,2,1,Yes,2006,83
C4255084,4700 QUENTIN ST SW,Calgary,S,"$596,500 ",107.117,2 Storey,6,3,2,1,No,2000,12
C4248564,5982 Signal Ridge HT SW,Calgary,S,"$596,000 ",193.982,2 Sty Split,10,5,3,1,Yes,1989,14
C4188123,109 ROCKBOROUGH GR NW,Calgary,S,"$595,100 ",179.117,2 Storey,8,3,3,1,Yes,2005,10
C4252693,199 WESTPOINT GD SW,Calgary,S,"$595,000 ",187.014,2 Storey,9,4,3,1,Yes,2000,7
C4228907,230 EVERSTONE DR SW,Calgary,S,"$595,000 ",222.131,2 Storey,8,4,3,1,Yes,2004,107
C4220389,25 SAVANNA GR NE,Calgary,S,"$594,000 ",222.41,2 Storey,10,6,4,1,Yes,2016,175
C4248903,134 PANORAMA HILLS CL NW,Calgary,S,"$593,000 ",211.261,2 Storey,9,5,3,1,Yes,2001,28
C4238618,134 EVERGLEN CR SW,Calgary,S,"$592,000 ",227.519,2 Storey,9,4,3,1,Yes,2007,84
C4255923,119 Valley Crest RI NW,Calgary,S,"$590,000 ",208.753,2 Storey,10,3,2,1,Yes,2005,8
C4253410,1223 LAKE TWINTREE DR SE,Calgary,S,"$590,000 ",122.725,Bungalow,6,4,3,0,Yes,1971,10
C4253099,362 Evanston WY NW,Calgary,S,"$590,000 ",220.552,2 Storey,9,6,3,1,Yes,2015,18
C4253452,1127 LAKE WAPTA RD SE,Calgary,S,"$589,500 ",132.201,Bungalow,6,4,3,0,Yes,1969,10
C4247944,259 PARKSIDE CR SE,Calgary,S,"$589,000 ",135.36,Bungalow,8,4,3,0,Yes,1974,9
C4244260,1631 SE 16A ST SE,Calgary,S,"$589,000 ",144.743,2 Storey,5,2,1,1,No,1994,40
C4243684,6423 SILVER SPRINGS WY NW,Calgary,S,"$587,950 ",137.125,Bungalow,7,5,2,1,Yes,1972,42
C4252814,4824 41 AV SW,Calgary,S,"$587,500 ",94.482,Bungalow,6,4,2,0,No,1971,17
C4240971,1344 ACADIA DR SE,Calgary,S,"$585,000 ",171.499,2 Storey,7,4,2,2,Yes,1971,63
C4224969,44 Alderwood CL SE,Calgary,S,"$585,000 ",95.783,Bungalow,4,4,3,0,Yes,1969,141
C4255370,105 BRADEN CR NW,Calgary,S,"$583,000 ",119.009,Bungalow,6,4,2,1,Yes,1962,8
C4233247,71 Riverside WY SE,Calgary,S,"$583,000 ",113.528,Bungalow,5,4,2,1,Yes,1989,99
C4240963,4872 VANDOOS PL NW,Calgary,S,"$582,500 ",112.598,Bungalow,7,4,2,1,Yes,1967,62
C4229280,252 25 AV NE,Calgary,S,"$582,500 ",180.882,2 Storey,7,3,2,1,Yes,1997,105
C4245097,6236 LEWIS DR SW,Calgary,S,"$582,000 ",100.614,Bi-Level,5,4,2,0,No,1964,49
C4244466,210 ROYAL OAK PL NW,Calgary,S,"$582,000 ",213.863,2 Storey,8,4,3,1,Yes,2001,38
C4238477,4602 MONTGOMERY AV NW,Calgary,S,"$582,000 ",154.869,2 Storey,7,3,3,1,Yes,1991,82
C4248623,4023 4 AV SW,Calgary,S,"$580,000 ",112.877,Bungalow,6,3,2,0,No,1956,11
C4248440,15 PALIS WY SW,Calgary,S,"$580,000 ",181.718,2 Storey,9,4,2,1,Yes,1969,18
C4245197,85 NOLANHURST WY NW,Calgary,S,"$580,000 ",189.615,2 Storey,8,4,3,1,No,2017,29
C4240956,468 CEDARPARK DR SW,Calgary,S,"$580,000 ",128.113,Bungalow,6,5,3,0,Yes,1974,58
C4254355,2826 43 ST SW,Calgary,S,"$578,100 ",167.504,Bungalow,5,2,2,0,No,1965,6
C4256002,320 CAPRI AV NW,Calgary,S,"$578,000 ",104.609,Bungalow,6,4,2,0,No,1962,15
C4247460,9 AUBURN GLEN GD SE,Calgary,S,"$578,000 ",207.545,2 Storey,9,4,3,1,Yes,2011,27
C4242187,288 EVERGLADE CI SW,Calgary,S,"$578,000 ",195.189,2 Storey,9,4,3,1,Yes,2004,49
C4187720,8 SW WINDERMERE RD SW,Calgary,S,"$577,000 ",169.548,2 Storey,7,5,2,2,Yes,1957,386
C4252866,145 AUBURN GLEN MR SE,Calgary,S,"$575,000 ",232.908,2 Storey,8,3,3,1,Yes,2010,15
C4244368,32 SCANLON BA NW,Calgary,S,"$575,000 ",185.62,2 Storey,8,4,3,1,Yes,1989,36
C4243014,401 18 ST NW,Calgary,S,"$575,000 ",149.574,1 & Half St,8,5,3,0,No,1947,61
C4234050,311 WASCANA RD SE,Calgary,S,"$575,000 ",126.348,Bungalow,6,6,3,0,Yes,1964,114
C4255449,8 SHAWMEADOWS CR SW,Calgary,S,"$332,000 ",105.445,Bungalow,5,4,2,1,Yes,1980,10
C4255549,172 MT ALLAN CI SE,Calgary,S,"$330,000 ",99.964,4 Lvl Split,6,4,3,0,Yes,1995,17
C4254731,807 23 AV SE,Calgary,S,"$330,000 ",115.2,2 Storey,7,4,1,0,No,1913,13
C4253534,134 APPLEMEAD CL SE,Calgary,S,"$330,000 ",106.838,2 Storey,5,3,1,1,No,1993,24
C4248007,68 TEMPLEMONT CI NE,Calgary,S,"$330,000 ",97.269,Bungalow,6,5,2,0,No,1980,27
C4247283,24 MARTINWOOD WY NE,Calgary,S,"$330,000 ",98.663,Bungalow,6,5,2,0,No,1991,46
C4244415,40 RANCHRIDGE RD NW,Calgary,S,"$330,000 ",108.697,Bi-Level,5,3,3,0,Yes,1981,46
C4241762,5235 MARTIN CROSSING DR NE,Calgary,S,"$330,000 ",121.331,2 Storey,6,4,2,1,No,1996,48
C4256068,8131 43 AV NW,Calgary,S,"$329,000 ",82.591,Bungalow,5,2,1,0,No,1958,7
C4255363,166 MT LORETTE CL SE,Calgary,S,"$329,000 ",123.747,2 Storey,7,3,2,1,Yes,1993,5
C4245514,88 ABADAN CR NE,Calgary,S,"$328,300 ",118.266,2 Storey,6,3,1,1,No,1979,27
C4249450,320 SACKVILLE DR SW,Calgary,S,"$327,000 ",93.275,Bungalow,5,3,1,0,No,1967,17
C4237652,32 MARTIN CROSSING CR NE,Calgary,S,"$327,000 ",133.595,4 Lvl Split,5,4,2,1,Yes,1997,76
C4248809,28 CASTLEBROOK DR NE,Calgary,S,"$326,500 ",98.106,Bungalow,5,3,3,0,Yes,1981,23
C4241541,212 PINEGROVE CL NE,Calgary,S,"$326,000 ",84.913,Bungalow,5,4,2,0,No,1974,44
C4253391,132 COVINGTON RI NE,Calgary,S,"$325,000 ",115.386,2 Storey,6,3,1,1,No,1992,17
C4249288,82 MCKINLEY RD SE,Calgary,S,"$325,000 ",109.904,2 Storey,6,3,1,1,No,1981,14
C4236739,147 PRESTWICK CR SE,Calgary,S,"$325,000 ",103.587,2 Storey,6,3,1,1,No,1999,75
C4235887,4720 31 AV NE,Calgary,S,"$325,000 ",104.051,Bungalow,7,5,2,1,No,1974,82
C4226316,13 Hidden Spring CI NW,Calgary,S,"$325,000 ",106.746,2 Storey,6,3,1,1,No,1995,119
C4244357,208 APPLEBROOK CI SE,Calgary,S,"$324,000 ",87.979,Bi-Level,5,4,2,0,No,1995,56
C4233331,6316 RUNDLEHORN DR NE,Calgary,S,"$323,000 ",102.844,Bungalow,6,5,2,1,Yes,1975,92
C4245886,22 Prestwick GV SE,Calgary,S,"$322,900 ",124.026,2 Storey,6,3,2,1,Yes,1998,11
C4243437,3008 SE 12 AV SE,Calgary,S,"$322,500 ",97.177,Bungalow,5,3,2,0,No,1965,37
C4255025,23 CRAMOND CL SE,Calgary,S,"$322,000 ",79.618,4 Lvl Split,5,3,2,0,Yes,2001,11
C4243527,2038 27 ST SE,Calgary,S,"$320,000 ",82.591,Bungalow,4,2,2,0,No,1954,66
C4242763,26 MARTHA'S MEADOW BA NE,Calgary,S,"$320,000 ",77.667,Bi-Level,5,3,2,0,No,2001,53
C4238345,168 MILLBANK DR SW,Calgary,S,"$320,000 ",138.426,2 Storey,9,4,1,1,No,1989,51
C4221494,28 CEDARDALE ME SW,Calgary,S,"$320,000 ",82.405,Bi-Level,5,3,2,0,No,1983,150
C4248989,124 EVERMEADOW MR SW,Calgary,S,"$318,216 ",92.717,Bi-Level,5,3,2,0,No,2003,20
C4208215,48 Applemont CL SE,Calgary,S,"$318,000 ",101.45,2 Storey,6,3,2,1,Yes,1994,274
C4248446,3 MCKENNA RD SE,Calgary,S,"$317,254 ",96.433,Bungalow,8,5,2,0,No,1982,20
C4248624,82 CHAPARRAL RIDGE DR SE,Calgary,S,"$317,000 ",113.992,2 Storey,4,3,3,1,Yes,1996,14
C4254294,145 COVEWOOD CI NE,Calgary,S,"$316,000 ",76.924,Bi-Level,4,2,2,0,No,2002,16
C4243114,1135 39 ST SE,Calgary,S,"$315,000 ",81.569,Bungalow,5,5,2,0,No,1958,48
C4241780,300 COVENTRY CL NE,Calgary,S,"$315,000 ",88.722,4 Lvl Split,6,3,2,0,No,1992,48
C4245936,107 Beddington CR NE,Calgary,S,"$314,600 ",87.793,Bi-Level,5,4,2,0,No,1980,33
C4256638,2607 41 ST SE,Calgary,S,"$314,000 ",93.46,Bungalow,6,3,2,0,No,1958,9
C4256350,3240 56 ST NE,Calgary,S,"$314,000 ",86.957,Bi-Level,5,5,2,0,No,1975,13
C4242931,30 BRIDLEGLEN MR SW,Calgary,S,"$314,000 ",94.854,2 Storey,6,3,1,1,No,1999,62
C4252703,1048 LYSANDER DR SE,Calgary,S,"$312,000 ",97.084,Bungalow,4,2,2,0,No,1976,8
C4245800,59 ABBERCOVE RD SE,Calgary,S,"$312,000 ",88.072,Bungalow,5,4,2,0,No,1981,30
C4253126,48 WHITWORTH RD NE,Calgary,S,"$310,000 ",87.05,Bi-Level,6,4,2,0,No,1983,26
C4247984,6412 34 AV NW,Calgary,S,"$310,000 ",101.45,4 Lvl Split,5,2,1,0,No,1954,16
C4244406,235 MILLCREST WY SW,Calgary,S,"$309,400 ",90.859,4 Lvl Split,6,3,1,1,No,1983,35
C4244642,131 MARTIN CROSSING GV NE,Calgary,S,"$307,500 ",75.809,Bi-Level,5,3,2,0,No,1999,52
C4253437,30 ABERDARE CR NE,Calgary,S,"$307,000 ",89.651,Bungalow,5,5,2,0,No,1981,20
C4248628,154 TARAWOOD RD NE,Calgary,S,"$307,000 ",79.525,Bi-Level,5,4,2,0,No,2004,39
C4255601,5059 WHITESTONE RD NE,Calgary,S,"$305,000 ",170.291,Bungalow,8,3,1,1,Yes,1974,16
C4248279,6214 BOWWOOD DR NW,Calgary,S,"$305,000 ",91.045,Bi-Level,5,3,2,0,No,1986,27
C4248004,16 MILLCREST WY SW,Calgary,S,"$305,000 ",105.352,2 Storey,6,3,1,1,No,1982,16
C4247405,379 COPPERFIELD HT SE,Calgary,S,"$305,000 ",107.024,2 Storey,5,4,2,1,No,2004,33
C4245910,2819 DOVER RIDGE DR SE,Calgary,S,"$305,000 ",98.942,Bungalow,6,4,2,1,Yes,1975,30
C4240885,359 CASTLERIDGE DR NE,Calgary,S,"$305,000 ",92.624,Bi-Level,6,3,2,0,No,1987,70
C4235494,720 Foritana RD SE,Calgary,S,"$302,500 ",91.324,Bungalow,6,4,2,0,No,1965,82
C4254530,96 WHITMIRE RD NE,Calgary,S,"$301,000 ",85.935,Bungalow,7,3,2,0,No,1981,9
C4254064,100 Aberfoyle CL NE,Calgary,S,"$300,000 ",94.111,Bungalow,6,3,1,0,No,1981,19
C4242543,507 8 AV NE,Calgary,S,"$300,000 ",89.28,Bungalow,4,3,2,0,No,1912,53
C4203987,6715 22 AV NE,Calgary,S,"$300,000 ",97.548,Bungalow,7,3,2,0,No,1974,161
C4244062,24 BEDWOOD HL NE,Calgary,S,"$299,000 ",93.646,Bungalow,6,4,2,0,No,1979,33
C4254793,13 RIVERCREST CL SE,Calgary,S,"$298,000 ",105.352,2 Storey,6,3,1,1,No,1993,5
C4214369,2114 19 ST NE,Calgary,S,"$298,000 ",132.387,2 Storey,8,3,2,1,Yes,1986,254
C4256114,104 LYNNDALE RD SE,Calgary,S,"$296,500 ",86.771,Bungalow,5,3,1,0,No,1956,1
C4253365,2624 14 AV SE,Calgary,S,"$295,000 ",83.984,Bungalow,4,2,1,1,No,1945,2
C4229553,4627 MARCOMBE RD NE,Calgary,S,"$295,000 ",92.903,Bungalow,5,3,2,0,No,1971,115
C4238621,307 FALTON DR NE,Calgary,S,"$294,000 ",106.002,2 Storey,6,3,1,1,No,1983,75
C4245134,191 Doverthorn CL SE,Calgary,S,"$292,500 ",105.352,Bungalow,5,4,1,1,Yes,1974,29
C4253018,24 LOS ALAMOS CR NE,Calgary,S,"$292,000 ",115.107,2 Storey,6,3,1,2,No,1998,11
C4248850,72 MARTINDALE BV NE,Calgary,S,"$292,000 ",90.395,4 Lvl Split,5,3,2,0,No,1990,17
C4249469,149 ERIN RIDGE RD SE,Calgary,S,"$290,500 ",105.538,2 Storey,6,3,1,1,No,1983,23
C4244905,68 DOVERCROFT PL SE,Calgary,S,"$290,000 ",93.089,Bungalow,6,4,2,0,Yes,1973,48
C4244483,287 COVENTRY CL NE,Calgary,S,"$290,000 ",110.276,2 Storey,6,3,1,1,No,1992,48
C4242194,95 CASTLERIDGE CL NE,Calgary,S,"$290,000 ",78.503,4 Lvl Split,6,3,2,0,No,1982,64
C4237962,187 Pinecliff WY NE,Calgary,S,"$285,000 ",80.175,Bi-Level,5,4,2,0,No,1978,94
C4229218,63 FALSHIRE PL NE,Calgary,S,"$285,000 ",99.964,Bungalow,6,4,2,0,No,1982,107
C4246067,50 TARAGLEN RD NE,Calgary,S,"$282,000 ",95.504,2 Storey,6,4,2,0,No,1983,28
C4235574,6908 15 AV SE,Calgary,S,"$282,000 ",87.143,Bungalow,5,3,1,0,No,1982,97
C4254807,133 TARADALE DR NE,Calgary,S,"$281,000 ",75.53,4 Lvl Split,4,3,2,0,No,1989,14
C4246036,68 MARTINDALE BV NE,Calgary,S,"$281,000 ",125.047,2 Storey,6,3,1,1,No,1990,46
C4253035,95 MARTINDALE CR NE,Calgary,S,"$280,000 ",84.82,3 Lvl Split,5,3,2,0,No,1988,33
C4235878,83 FALCHURCH CR NE,Calgary,S,"$278,500 ",89.094,Bungalow,5,3,1,0,No,1980,91
C4248559,23 ABERGALE CL NE,Calgary,S,"$275,000 ",83.241,4 Lvl Split,5,2,1,1,No,1978,9
C4247517,912 PENMEADOWS RD SE,Calgary,S,"$270,000 ",88.722,Bungalow,6,4,2,0,No,1971,36
C4241928,24 FALCONRIDGE PL NE,Calgary,S,"$270,000 ",94.668,Bungalow,5,3,2,0,No,1979,68
C4253250,144 FALSHIRE CL NE,Calgary,S,"$258,000 ",80.64,Bi-Level,5,3,2,0,No,1987,1
C4255890,29 ABERDARE WY NE,Calgary,S,"$255,000 ",89.187,Bungalow,6,3,1,0,No,1980,5
C4248385,6435 33 AV NW,Calgary,S,"$255,000 ",66.054,Bungalow,5,2,1,0,No,1951,25
C4247867,305 FALWOOD WY NE,Calgary,S,"$255,000 ",109.161,2 Storey,5,3,2,0,No,1980,23
C4256679,178 DOVERCLIFFE CL SE,Calgary,S,"$240,000 ",92.253,Bungalow,5,4,2,0,No,1970,0
C4253008,3612 DOVER RIDGE DR SE,Calgary,S,"$238,000 ",58.901,Bi-Level,3,3,1,0,No,1972,27
C4253492,35 TEMPLEGREEN RD NE,Calgary,S,"$226,888 ",111.112,2 Storey,6,3,1,1,No,1979,8
C4248678,23 HUNTSTROM DR NE,Calgary,S,"$220,000 ",99.313,Dbl Wide Mob Hm,6,3,1,0,No,1981,42
C4235656,184 HUNTWELL RD NE,Calgary,S,"$205,000 ",133.78,Sng Wide Mob Hme,6,2,1,1,Yes,1979,85
C4228324,90 SAGE BLUFF VW NW,Calgary,S,"$198,000 ",188.222,2 Storey,9,4,2,1,Yes,2015,107
C4253400,7488 SPRINGBANK WY SW,Calgary,S,"$639,000 ",190.451,2 Storey,9,4,3,1,Yes,2002,9
C4249126,145 MT CASCADE CL SE,Calgary,S,"$639,000 ",246.379,2 Storey,10,5,4,0,Yes,1993,8
C4244235,113 TUSSLEWOOD TC NW,Calgary,S,"$639,000 ",177.352,2 Storey,8,4,3,1,Yes,2004,60
C4236827,36 VALLEY WOODS WY NW,Calgary,S,"$638,000 ",207.081,2 Storey,8,5,3,1,Yes,2005,94
C4245922,225 AUBURN GLEN MR SE,Calgary,S,"$637,500 ",225.754,2 Storey,9,4,3,1,Yes,2010,24
C4249170,123 ST MORITZ TC SW,Calgary,S,"$636,000 ",179.303,2 Storey,8,4,3,1,Yes,2005,24
C4253630,209 WENTWORTH PA SW,Calgary,S,"$635,000 ",186.549,2 Storey,9,4,3,1,Yes,2002,11
C4249488,5144 BARRON DR NW,Calgary,S,"$635,000 ",121.331,Bungalow,6,4,2,1,Yes,1965,30
C4235845,144 MAPLEBURN DR SE,Calgary,S,"$635,000 ",242.105,2 Storey,10,4,2,1,Yes,1968,90
C4256254,199 RIVERVIEW CI SE,Calgary,S,"$634,000 ",205.873,2 Storey,7,4,3,1,Yes,1994,8
C4244103,64 COUGARTOWN CL SW,Calgary,S,"$633,000 ",186.828,2 Storey,9,4,3,1,Yes,2006,37
C4229025,343 CANTER PL SW,Calgary,S,"$633,000 ",248.794,2 Storey,11,5,3,1,Yes,1980,105
C4245312,270 CRANLEIGH VW SE,Calgary,S,"$632,500 ",221.76,2 Storey,9,5,3,1,Yes,2006,27
C4235363,5027 BROCKINGTON RD NW,Calgary,S,"$632,500 ",121.703,4 Lvl Split,7,5,4,0,Yes,1963,89
C4246143,14 MARQUIS HT SE,Calgary,S,"$632,000 ",227.148,2 Storey,9,5,3,1,Yes,2013,26
C4254838,55 MIDLAND CR SE,Calgary,S,"$630,000 ",129.693,Bungalow,8,4,2,0,Yes,1980,21
C4253758,24 SIGNATURE PL SW,Calgary,S,"$630,000 ",156.635,Bungalow,6,4,3,0,Yes,1992,9
C4243889,2240 CAPITOL HILL CR NW,Calgary,S,"$630,000 ",108.789,Bungalow,6,4,2,0,No,1953,41
C4241552,1447 ACADIA DR SE,Calgary,S,"$630,000 ",168.526,2 Sty Split,10,5,3,1,Yes,1976,63
C4249026,2023 21 AV SW,Calgary,S,"$628,000 ",155.055,2 Storey,8,3,3,0,Yes,1912,20
C4253271,128 VALLEY STREAM CL NW,Calgary,S,"$627,500 ",217.486,2 Storey,9,4,3,1,Yes,2000,27
C4242838,160 Sherview GV NW,Calgary,S,"$627,500 ",208.567,2 Storey,9,5,3,1,Yes,2017,40
C4248863,2903 13 AV NW,Calgary,S,"$625,000 ",113.342,Bungalow,6,3,2,0,No,1954,17
C4248016,245 AUBURN GLEN MR SE,Calgary,S,"$625,000 ",210.518,2 Storey,9,3,3,1,Yes,2010,43
C4244441,88 EVERGREEN LN SW,Calgary,S,"$625,000 ",247.958,2 Storey,9,5,3,1,Yes,2004,59
C4243626,51 Nolancrest MR NW,Calgary,S,"$625,000 ",222.874,2 Storey,7,3,3,1,Yes,2016,63
C4229682,150 HESTON ST NW,Calgary,S,"$625,000 ",105.631,Bungalow,5,4,3,0,Yes,1956,99
C4215146,429 11 AV NE,Calgary,S,"$625,000 ",162.116,2 Storey,8,4,3,1,Yes,2002,187
C4241977,52 Cranleigh Ct SE,Calgary,S,"$624,999 ",229.842,2 Storey,10,5,3,1,Yes,2002,61
C4253896,215 PARKVALLEY DR SE,Calgary,S,"$624,900 ",134.245,Bungalow,8,4,3,0,Yes,1975,14
C4245594,224 8 AV NE,Calgary,S,"$624,000 ",118.266,Bungalow,6,2,1,0,No,1928,39
C4243104,122 ARBOUR STONE RI NW,Calgary,S,"$623,000 ",215.349,2 Storey,11,5,4,0,Yes,1998,56
C4254426,212 Edgeridge GD NW,Calgary,S,"$622,000 ",219.53,2 Storey,12,3,3,1,No,1998,13
C4249115,2603 34 AV NW,Calgary,S,"$620,000 ",130.064,4 Lvl Split,8,3,2,0,No,1961,13
C4243361,143 PARKVIEW WY SE,Calgary,S,"$620,000 ",170.849,2 Sty Split,9,4,3,1,Yes,1975,31
C4242533,142 CRANBROOK CI SE,Calgary,S,"$620,000 ",136.66,Bungalow,6,2,2,0,Yes,2016,45
C4241921,3204 KERRYDALE RD SW,Calgary,S,"$620,000 ",146.415,2 Storey,6,3,2,0,No,1953,49
C4237189,49 EVEROAK PA SW,Calgary,S,"$620,000 ",220.923,2 Storey,9,4,3,1,Yes,2007,86
C4236787,20 SUNMOUNT CR SE,Calgary,S,"$620,000 ",131.365,Bungalow,7,5,3,0,Yes,1981,101
C4254923,76 EDCATH RI NW,Calgary,S,"$617,500 ",192.96,2 Storey,10,4,3,1,Yes,1987,12
C4248630,232 12 ST NE,Calgary,S,"$617,000 ",77.295,Bungalow,4,2,2,0,Yes,1949,27
C4253973,25 KENDALL PL SW,Calgary,S,"$615,000 ",120.774,Bungalow,6,4,3,0,Yes,1959,21
C4248428,49 MT GIBRALTAR HT SE,Calgary,S,"$615,000 ",231.886,2 Storey,10,5,3,1,Yes,1998,24
C4226524,52 Arbour Ridge PL NW,Calgary,S,"$614,000 ",237.089,2 Storey,9,4,3,1,Yes,1993,131
C4243581,5812 21 ST SW,Calgary,S,"$613,000 ",94.575,Bungalow,5,4,2,0,Yes,1960,40
C4247350,59 HAMPSTEAD PT NW,Calgary,S,"$612,500 ",209.218,2 Storey,10,4,3,1,Yes,1999,31
C4248245,18 HOLLY ST NW,Calgary,S,"$612,000 ",124.397,3 Lvl Split,6,3,2,0,No,1955,20
C4255222,739 23 AV NW,Calgary,S,"$610,000 ",107.024,Bungalow,6,6,2,0,No,1948,11
C4254705,69 EVERGREEN CR SW,Calgary,S,"$610,000 ",157.099,Bungalow,6,4,3,0,Yes,2000,16
C4244735,127 CANTERVILLE RD SW,Calgary,S,"$610,000 ",276.386,2 Storey,11,5,4,0,Yes,1981,30
C4228728,100 Panamount CM NW,Calgary,S,"$610,000 ",207.638,2 Storey,8,4,3,1,Yes,2009,119
C4245368,284 EDGEBROOK GD NW,Calgary,S,"$608,500 ",184.505,2 Sty Split,10,4,3,1,Yes,1992,53
C4243960,46 SPRINGBANK CR SW,Calgary,S,"$603,500 ",221.945,2 Storey,10,5,3,1,Yes,1998,42
C4245128,739 SCHOONER CV NW,Calgary,S,"$602,500 ",158.864,Bungalow,5,3,3,0,Yes,1996,36
C4244205,48 STRATHRIDGE CR SW,Calgary,S,"$602,000 ",188.593,2 Storey,8,5,3,1,Yes,1998,36
C4253837,529 SCHOONER LD NW,Calgary,S,"$600,000 ",202.436,2 Storey,11,5,3,1,Yes,1993,18
C4205318,65 TARALAKE MR NE,Calgary,S,"$600,000 ",230.214,2 Storey,10,7,5,0,Yes,2012,288
C4242579,523 RANCH ESTATES PL NW,Calgary,S,"$599,500 ",186.271,5 Lvl Split,8,4,3,1,Yes,1979,56
C4238911,50 EVERGREEN TC SW,Calgary,S,"$599,500 ",228.82,2 Sty Split,9,6,3,1,Yes,1991,70
C4254274,536 SIERRA MORENA PL SW,Calgary,S,"$597,500 ",176.237,2 Sty Split,10,6,3,1,Yes,1993,17
C4253038,18 HAMPSHIRE CI NW,Calgary,S,"$597,500 ",239.69,2 Storey,10,5,3,1,Yes,1992,26
C4238468,184 MIKE RALPH WY SW,Calgary,S,"$597,500 ",131.179,2 Storey,7,3,2,1,Yes,2006,83
C4255084,4700 QUENTIN ST SW,Calgary,S,"$596,500 ",107.117,2 Storey,6,3,2,1,No,2000,12
C4248564,5982 Signal Ridge HT SW,Calgary,S,"$596,000 ",193.982,2 Sty Split,10,5,3,1,Yes,1989,14
C4188123,109 ROCKBOROUGH GR NW,Calgary,S,"$595,100 ",179.117,2 Storey,8,3,3,1,Yes,2005,10
C4252693,199 WESTPOINT GD SW,Calgary,S,"$595,000 ",187.014,2 Storey,9,4,3,1,Yes,2000,7
C4228907,230 EVERSTONE DR SW,Calgary,S,"$595,000 ",222.131,2 Storey,8,4,3,1,Yes,2004,107
C4220389,25 SAVANNA GR NE,Calgary,S,"$594,000 ",222.41,2 Storey,10,6,4,1,Yes,2016,175
C4248903,134 PANORAMA HILLS CL NW,Calgary,S,"$593,000 ",211.261,2 Storey,9,5,3,1,Yes,2001,28
C4238618,134 EVERGLEN CR SW,Calgary,S,"$592,000 ",227.519,2 Storey,9,4,3,1,Yes,2007,84
C4255923,119 Valley Crest RI NW,Calgary,S,"$590,000 ",208.753,2 Storey,10,3,2,1,Yes,2005,8
C4253410,1223 LAKE TWINTREE DR SE,Calgary,S,"$590,000 ",122.725,Bungalow,6,4,3,0,Yes,1971,10
C4253099,362 Evanston WY NW,Calgary,S,"$590,000 ",220.552,2 Storey,9,6,3,1,Yes,2015,18
C4253452,1127 LAKE WAPTA RD SE,Calgary,S,"$589,500 ",132.201,Bungalow,6,4,3,0,Yes,1969,10
C4247944,259 PARKSIDE CR SE,Calgary,S,"$589,000 ",135.36,Bungalow,8,4,3,0,Yes,1974,9
C4244260,1631 SE 16A ST SE,Calgary,S,"$589,000 ",144.743,2 Storey,5,2,1,1,No,1994,40
C4243684,6423 SILVER SPRINGS WY NW,Calgary,S,"$587,950 ",137.125,Bungalow,7,5,2,1,Yes,1972,42
C4252814,4824 41 AV SW,Calgary,S,"$587,500 ",94.482,Bungalow,6,4,2,0,No,1971,17
C4240971,1344 ACADIA DR SE,Calgary,S,"$585,000 ",171.499,2 Storey,7,4,2,2,Yes,1971,63
C4224969,44 Alderwood CL SE,Calgary,S,"$585,000 ",95.783,Bungalow,4,4,3,0,Yes,1969,141
C4255370,105 BRADEN CR NW,Calgary,S,"$583,000 ",119.009,Bungalow,6,4,2,1,Yes,1962,8
C4233247,71 Riverside WY SE,Calgary,S,"$583,000 ",113.528,Bungalow,5,4,2,1,Yes,1989,99
C4240963,4872 VANDOOS PL NW,Calgary,S,"$582,500 ",112.598,Bungalow,7,4,2,1,Yes,1967,62
C4229280,252 25 AV NE,Calgary,S,"$582,500 ",180.882,2 Storey,7,3,2,1,Yes,1997,105
C4245097,6236 LEWIS DR SW,Calgary,S,"$582,000 ",100.614,Bi-Level,5,4,2,0,No,1964,49
C4244466,210 ROYAL OAK PL NW,Calgary,S,"$582,000 ",213.863,2 Storey,8,4,3,1,Yes,2001,38
C4238477,4602 MONTGOMERY AV NW,Calgary,S,"$582,000 ",154.869,2 Storey,7,3,3,1,Yes,1991,82
C4248623,4023 4 AV SW,Calgary,S,"$580,000 ",112.877,Bungalow,6,3,2,0,No,1956,11
C4248440,15 PALIS WY SW,Calgary,S,"$580,000 ",181.718,2 Storey,9,4,2,1,Yes,1969,18
C4245197,85 NOLANHURST WY NW,Calgary,S,"$580,000 ",189.615,2 Storey,8,4,3,1,No,2017,29
C4240956,468 CEDARPARK DR SW,Calgary,S,"$580,000 ",128.113,Bungalow,6,5,3,0,Yes,1974,58
C4254355,2826 43 ST SW,Calgary,S,"$578,100 ",167.504,Bungalow,5,2,2,0,No,1965,6
C4256002,320 CAPRI AV NW,Calgary,S,"$578,000 ",104.609,Bungalow,6,4,2,0,No,1962,15
C4247460,9 AUBURN GLEN GD SE,Calgary,S,"$578,000 ",207.545,2 Storey,9,4,3,1,Yes,2011,27
C4242187,288 EVERGLADE CI SW,Calgary,S,"$578,000 ",195.189,2 Storey,9,4,3,1,Yes,2004,49
C4187720,8 SW WINDERMERE RD SW,Calgary,S,"$577,000 ",169.548,2 Storey,7,5,2,2,Yes,1957,386
C4252866,145 AUBURN GLEN MR SE,Calgary,S,"$575,000 ",232.908,2 Storey,8,3,3,1,Yes,2010,15
C4244368,32 SCANLON BA NW,Calgary,S,"$575,000 ",185.62,2 Storey,8,4,3,1,Yes,1989,36
C4243014,401 18 ST NW,Calgary,S,"$575,000 ",149.574,1 & Half St,8,5,3,0,No,1947,61
C4234050,311 WASCANA RD SE,Calgary,S,"$575,000 ",126.348,Bungalow,6,6,3,0,Yes,1964,114
C4256054,3012 HAMPTON CR SW,Calgary,S,"$570,000 ",116.129,Bungalow,6,4,2,0,No,1955,6
C4246152,91 SIERRA NEVADA GR SW,Calgary,S,"$525,000 ",157.471,Bi-Level,8,5,3,0,Yes,1997,35
C4245624,262 CITADEL HILLS CI NW,Calgary,S,"$525,000 ",181.997,2 Storey,7,3,2,2,Yes,1993,48
C4241420,428 STRATHCONA ME SW,Calgary,S,"$525,000 ",166.296,4 Lvl Split,6,4,2,1,Yes,1982,63
C4239647,160 CHAPARRAL CR SE,Calgary,S,"$525,000 ",190.916,2 Storey,8,5,3,1,Yes,1997,80
C4239363,6 PANATELLA TC NW,Calgary,S,"$525,000 ",210.054,2 Storey,8,4,2,1,Yes,2004,71
C4237799,18 CITYSIDE HE NE,Calgary,S,"$525,000 ",230.307,2 Storey,9,4,3,1,Yes,2018,70
C4233592,67 STRATHCLAIR RI SW,Calgary,S,"$525,000 ",149.76,2 Storey,7,4,2,1,Yes,1984,91
C4233012,923 40 AV NW,Calgary,S,"$525,000 ",97.92,Bungalow,6,3,2,1,Yes,1958,97
C4232687,75 HARCOURT RD SW,Calgary,S,"$525,000 ",116.779,Bungalow,6,4,3,0,Yes,1959,103
C4242516,300 AUBURN GLEN MR SE,Calgary,S,"$524,000 ",195.84,2 Storey,8,3,2,1,Yes,2008,52
C4253720,79 WHITEHAVEN CR NE,Calgary,S,"$523,500 ",238.018,2 Sty Split,11,4,3,1,Yes,1983,25
C4245453,6627 COACH HILL RD SW,Calgary,S,"$523,500 ",111.019,Bi-Level,5,4,3,0,Yes,1978,42
C4244146,77 SKYVIEW SPRINGS RD NE,Calgary,S,"$522,500 ",224.082,2 Storey,10,4,2,1,Yes,2011,37
C4252614,494 SUNMILLS DR SE,Calgary,S,"$520,000 ",220.552,2 Sty Split,9,3,4,0,Yes,1990,28
C4249265,6 PANORAMA HILLS ME NW,Calgary,S,"$520,000 ",167.69,2 Storey,7,3,2,1,Yes,2002,28
C4248240,1317 2 ST NW,Calgary,S,"$520,000 ",101.171,1 & Half St,5,2,2,0,No,1910,35
C4243796,2222 20 ST SW,Calgary,S,"$520,000 ",173.078,2 Storey,7,4,3,1,Yes,1991,63
C4243265,12 CRANBERRY GD SE,Calgary,S,"$520,000 ",205.966,2 Storey,8,3,2,1,Yes,2011,70
C4239379,112 EVANSTON VW NW,Calgary,S,"$520,000 ",183.205,2 Storey,7,4,3,1,Yes,2006,84
C4248924,228 26 AV NW,Calgary,S,"$518,500 ",74.322,Bungalow,4,3,2,0,No,1948,13
C4240826,31 HIDDEN VALLEY PA NW,Calgary,S,"$518,099 ",164.345,2 Storey,7,4,3,1,Yes,1996,45
C4239295,27 Brabourne ME SW,Calgary,S,"$518,000 ",118.358,4 Lvl Split,6,4,2,1,Yes,1976,69
C4253657,1208 NINGA RD NW,Calgary,S,"$517,000 ",108.325,Bi-Level,6,5,2,2,Yes,1967,20
C4251601,230 RIVERGREEN PL SE,Calgary,S,"$516,500 ",153.197,4 Lvl Split,7,4,2,1,Yes,1989,34
C4249284,110 SILVERADO SKIES DR SW,Calgary,S,"$515,000 ",188.593,2 Storey,8,4,3,1,Yes,2008,10
C4238216,60 PANAMOUNT RI NW,Calgary,S,"$515,000 ",183.762,2 Storey,8,3,2,1,Yes,2004,76
C4237270,5915 LAKEVIEW DR SW,Calgary,S,"$515,000 ",100.057,Bungalow,6,3,2,1,Yes,1965,71
C4235839,90 KINCORA LD NW,Calgary,S,"$515,000 ",191.752,2 Storey,9,4,3,1,Yes,2003,97
C4233180,823 AUBURN BAY HT SE,Calgary,S,"$515,000 ",206.338,2 Storey,9,4,3,1,Yes,2006,108
C4228184,27 MASTERS GR SE,Calgary,S,"$514,900 ",178.745,2 Storey,7,3,2,1,Yes,2018,103
C4245689,432 LEGACY BV SE,Calgary,S,"$514,000 ",225.94,2 Storey,9,4,2,1,Yes,2019,36
C4242828,88 EDCATH RI NW,Calgary,S,"$514,000 ",178.56,2 Sty Split,10,3,3,0,Yes,1983,44
C4243735,772 NEW BRIGHTON DR SE,Calgary,S,"$513,750 ",197.233,2 Storey,9,5,3,1,No,2011,53
C4235776,393 ARBOUR LAKE DR NW,Calgary,S,"$513,000 ",183.298,1 & Half St,7,3,3,1,Yes,2002,104
C4229660,353 SANDRINGHAM CO NW,Calgary,S,"$513,000 ",219.809,2 Storey,10,6,3,1,Yes,1990,120
C4249328,415 AUBURN BAY AV SE,Calgary,S,"$512,000 ",207.545,2 Storey,9,3,2,1,Yes,2013,7
C4243395,11 COUGAR RIDGE CO SW,Calgary,S,"$512,000 ",161.094,2 Storey,8,3,3,1,Yes,2003,66
C4239690,192 WOODBROOK WY SW,Calgary,S,"$512,000 ",171.964,2 Sty Split,9,5,2,1,Yes,1980,76
C4256665,4212 41 AV SW,Calgary,S,"$510,000 ",109.347,Bungalow,7,3,1,0,No,1958,1
C4254243,424 OAKWOOD PL SW,Calgary,S,"$510,000 ",134.802,5 Lvl Split,8,4,2,0,No,1972,22
C4252916,99 MAHOGANY TC SE,Calgary,S,"$510,000 ",213.77,2 Storey,9,3,2,1,Yes,2009,18
C4247486,36 PANTEGO HT NW,Calgary,S,"$510,000 ",176.516,2 Storey,8,4,3,1,Yes,2007,22
C4247461,182 AUBURN BAY CL SE,Calgary,S,"$510,000 ",210.797,2 Storey,9,3,2,1,Yes,2006,22
C4244798,439 27 AV NW,Calgary,S,"$510,000 ",202.621,2 Storey,10,3,2,0,No,1946,56
C4233150,1538 EVERGREEN DR SW,Calgary,S,"$510,000 ",165.46,Bungalow,7,5,3,0,Yes,1992,98
C4232433,21 Carrington MR NW,Calgary,S,"$510,000 ",209.218,2 Storey,9,3,2,1,Yes,2019,109
C4228731,68 LISSINGTON DR SW,Calgary,S,"$510,000 ",97.548,Bungalow,5,4,2,0,No,1959,135
C4215919,617 NOLAN HILL BV NW,Calgary,S,"$510,000 ",187.85,2 Storey,8,3,2,1,Yes,2014,217
C4226431,193 NOLANHURST WY NW,Calgary,S,"$509,000 ",203.086,2 Storey,8,3,2,1,Yes,2018,113
C4249260,122 WEST RANCH PL SW,Calgary,S,"$507,500 ",155.52,2 Storey,9,4,3,1,Yes,2003,9
C4242738,70 SILVERADO SKIES DR SW,Calgary,S,"$507,400 ",186.921,2 Storey,7,4,3,1,Yes,2008,38
C4254861,109 RED EMBERS MR NE,Calgary,S,"$507,000 ",178.931,2 Storey,8,3,2,1,No,2019,9
C4242844,161 MASTERS RI SE,Calgary,S,"$507,000 ",183.391,2 Storey,8,4,2,1,Yes,2016,42
C4224426,683 Arbour Lake DR NW,Calgary,S,"$507,000 ",188.407,2 Storey,10,5,3,1,No,2000,148
C4255900,259 ARBOUR CREST RD NW,Calgary,S,"$505,000 ",159.236,2 Storey,9,3,2,2,Yes,1998,11
C4247514,5039 BULYEA RD NW,Calgary,S,"$505,000 ",99.964,Bi-Level,6,4,2,0,No,1964,21
C4236051,46 Mt Kidd RD SE,Calgary,S,"$505,000 ",182.554,2 Storey,7,3,3,1,Yes,1998,93
C4252690,59 PANATELLA BA NW,Calgary,S,"$504,000 ",183.948,2 Storey,8,3,2,1,Yes,2009,24
C4254971,24 SUN VALLEY DR SE,Calgary,S,"$503,000 ",182.09,4 Lvl Split,8,4,3,0,Yes,1980,15
C4245216,4936 40 AV NW,Calgary,S,"$502,500 ",86.957,4 Lvl Split,5,4,2,0,No,1971,31
C4255161,112 OAKSIDE CI SW,Calgary,S,"$500,000 ",168.712,2 Sty Split,8,4,3,1,Yes,1976,13
C4252981,24 ARBOUR RIDGE PL NW,Calgary,S,"$500,000 ",187.757,2 Sty Split,11,4,3,1,Yes,1994,9
C4252896,522 CHAPARRAL DR SE,Calgary,S,"$500,000 ",179.489,2 Storey,8,4,3,1,Yes,2003,15
C4249113,5323 DALHURST CR NW,Calgary,S,"$500,000 ",99.592,Bungalow,6,3,1,1,Yes,1971,23
C4238683,137 CITADEL ESTATES TC NW,Calgary,S,"$500,000 ",163.509,2 Storey,7,3,3,1,Yes,2000,56
C4236049,6904 Coach Ridge RD SW,Calgary,S,"$500,000 ",165.739,2 Storey,7,3,2,1,Yes,1979,86
C4234036,154 AUBURN SPRINGS BV SE,Calgary,S,"$500,000 ",212.841,2 Storey,8,3,2,1,Yes,2013,105
C4233454,351 PARKWOOD CL SE,Calgary,S,"$500,000 ",159.329,2 Storey,10,4,2,1,Yes,1973,115
C4232936,218 AUBURN SPRINGS BV SE,Calgary,S,"$500,000 ",196.954,2 Storey,9,3,2,1,Yes,2013,91
C4229883,320 42 ST SW,Calgary,S,"$500,000 ",102.379,Bungalow,5,3,2,0,No,1956,96
C4225108,64 EVERHOLLOW ST SW,Calgary,S,"$500,000 ",200.206,2 Storey,9,3,3,0,Yes,2012,86
C4199355,373 Masters AV SE,Calgary,S,"$499,999 ",184.041,2 Storey,8,3,2,1,Yes,2018,313
C4245404,58 CORONADO PL NE,Calgary,S,"$499,750 ",209.218,2 Storey,10,6,3,1,No,1989,48
C4247878,14319 PARKLAND BV SE,Calgary,S,"$499,000 ",159.422,2 Sty Split,8,4,2,1,Yes,1975,20
C4245868,7603 Fairmount DR SE,Calgary,S,"$497,500 ",102.751,Bungalow,6,4,3,0,Yes,1960,33
C4252869,43 Montrose CR NE,Calgary,S,"$497,000 ",96.433,Bungalow,6,5,2,0,No,1955,30
C4253357,63 Heston ST NW,Calgary,S,"$496,000 ",110.183,Bungalow,5,4,2,0,No,1955,9
C4249489,25 ROYAL BIRCH PA NW,Calgary,S,"$495,000 ",156.542,2 Storey,8,3,3,1,Yes,2010,12
C4244261,150 TUSCANY RAVINE BA NW,Calgary,S,"$495,000 ",169.455,2 Storey,8,4,2,1,Yes,2002,34
C4244163,45 EVERCREEK BLUFFS CR SW,Calgary,S,"$495,000 ",191.287,2 Storey,8,4,2,2,Yes,2004,56
C4239641,911 20 AV NW,Calgary,S,"$495,000 ",66.147,Bungalow,6,4,2,0,No,1914,54
C4244897,127 SILVERGROVE PL NW,Calgary,S,"$494,900 ",121.703,4 Lvl Split,7,5,2,1,Yes,1979,45
C4253383,124 TUSCANY MEADOWS HE NW,Calgary,S,"$493,500 ",157.378,2 Storey,8,3,3,1,Yes,2002,13
C4248196,135 SAGE VALLEY PA NW,Calgary,S,"$493,000 ",206.802,2 Storey,9,3,2,1,Yes,2009,24
C4228521,60 BEDDINGTON WY NE,Calgary,S,"$493,000 ",117.244,Bungalow,8,5,3,0,Yes,1981,117
C4253774,121 Howse TC NE,Calgary,S,"$492,850 ",187.664,2 Storey,8,3,2,1,Yes,2019,14
C4253141,61 SILVERADO CREEK CR SW,Calgary,S,"$492,500 ",191.194,2 Storey,8,4,3,1,Yes,2006,16
C4249399,1601 40 ST SW,Calgary,S,"$492,000 ",107.117,Bungalow,4,2,2,0,No,1950,15
C4255447,224 DIAMOND PT SE,Calgary,S,"$490,000 ",140.841,Bungalow,6,4,3,0,Yes,1992,17
C4255274,54 KINCORA GLEN RI NW,Calgary,S,"$490,000 ",199.649,2 Storey,10,3,3,1,Yes,2007,13
C4253955,204 ARBOUR CREST RD NW,Calgary,S,"$490,000 ",168.526,2 Storey,7,3,2,1,No,1998,11
C4244345,24 WOODBROOK CL SW,Calgary,S,"$490,000 ",126.255,4 Lvl Split,6,4,3,0,Yes,1980,37
C4239219,135 43 AV NW,Calgary,S,"$490,000 ",96.805,Bungalow,5,5,2,0,No,1954,82
C4228384,163 WALDEN HT SE,Calgary,S,"$490,000 ",180.511,2 Storey,9,3,3,1,Yes,2017,120
C4255950,1812 GLASGOW DR SW,Calgary,S,"$489,000 ",116.5,Bungalow,6,3,2,0,Yes,1960,12
C4249292,46 34 AV SW,Calgary,S,"$489,000 ",82.405,Bi-Level,6,3,2,0,No,1918,15
C4228324,90 SAGE BLUFF VW NW,Calgary,S,"$489,000 ",188.222,2 Storey,9,4,2,1,Yes,2015,107
C4252902,624 SUNMILLS DR SE,Calgary,S,"$488,000 ",196.954,2 Storey,4,6,3,1,Yes,1990,11
C4245675,157 CORAL SPRINGS PA NE,Calgary,S,"$488,000 ",187.385,2 Storey,9,5,3,1,Yes,1999,36
C4244724,40 COPPERPOND TC SE,Calgary,S,"$488,000 ",213.677,2 Storey,9,5,2,1,Yes,2010,54
C4220323,5721 BRENNER CR NW,Calgary,S,"$488,000 ",121.796,Bi-Level,7,4,2,1,Yes,1971,184
C4249579,77 WAKEFIELD DR SW,Calgary,S,"$487,500 ",91.417,Bungalow,5,3,2,0,No,1960,15
C4238587,123 WARWICK DR SW,Calgary,S,"$487,500 ",85.935,Bungalow,5,3,2,0,No,1958,65
C4255597,36 ARBOUR RIDGE HT NW,Calgary,S,"$487,000 ",125.047,Bi-Level,7,4,3,0,Yes,1993,13
C4239173,993 KINCORA DR NW,Calgary,S,"$487,000 ",175.958,2 Storey,10,4,3,1,Yes,2006,61
C4234040,44 GLACIER DR SW,Calgary,S,"$485,500 ",100.986,Bungalow,6,3,1,0,No,1965,103
C4252659,614 9 AV NE,Calgary,S,"$485,000 ",76.181,Bungalow,6,3,1,0,No,1912,28
C4246037,216 TUSCANY VALLEY GR NW,Calgary,S,"$485,000 ",139.912,2 Storey,6,4,3,1,Yes,2017,40
C4244132,104 BRIGHTONCREST MR SE,Calgary,S,"$485,000 ",209.125,2 Storey,9,3,2,1,Yes,2011,41
C4241302,47 NOLANCREST RI NW,Calgary,S,"$485,000 ",166.761,2 Storey,8,3,2,1,Yes,2015,36
C4237705,1411 108 AV SW,Calgary,S,"$485,000 ",151.339,Bungalow,7,3,2,1,No,1965,82
C4233225,4624 26 ST NW,Calgary,S,"$485,000 ",96.805,Bi-Level,5,4,2,0,No,1962,91
C4223327,137 RIVERVIEW CO SE,Calgary,S,"$485,000 ",187.014,2 Storey,9,4,2,1,Yes,1989,145
C4187966,294 WALGROVE BV SE,Calgary,S,"$485,000 ",214.327,2 Storey,8,3,2,1,Yes,2018,382
C4253131,36 CRANBERRY GD SE,Calgary,S,"$484,000 ",181.625,2 Storey,9,4,3,1,Yes,2011,20
C4243974,378 MOUNTAIN PARK DR SE,Calgary,S,"$483,500 ",201.414,2 Storey,9,3,2,1,Yes,1998,36
C4249582,8460 61 AV NW,Calgary,S,"$483,000 ",110.276,Bi-Level,5,4,3,0,Yes,1978,10
C4244361,45 NOLANHURST WY NW,Calgary,S,"$482,451 ",181.44,2 Storey,7,3,2,1,Yes,2019,40
C4253563,43 SADDLEBACK WY NE,Calgary,S,"$482,000 ",148.831,2 Storey,7,4,3,1,No,2000,21
C4248783,11895 COVENTRY HILLS WY NE,Calgary,S,"$482,000 ",186.549,2 Storey,9,4,3,1,Yes,2006,17
C4255812,60 SUNLAKE RD SE,Calgary,S,"$481,500 ",132.758,2 Sty Split,6,3,3,0,Yes,1992,11
C4241705,150 HARVEST PARK CI NE,Calgary,S,"$481,300 ",146.322,2 Storey,8,3,3,1,Yes,1997,53
C4249074,28 SCENIC PL NW,Calgary,S,"$481,000 ",165.182,4 Lvl Split,7,4,3,0,Yes,1981,35
C4253292,72 Harvest Oak DR NE,Calgary,S,"$480,000 ",193.982,2 Storey,9,3,2,2,Yes,1994,15
C4248666,115 SHAWNEE GD SW,Calgary,S,"$480,000 ",142.792,Bungalow,9,4,3,0,Yes,1990,28
C4248059,169 EVANSCREEK CO NW,Calgary,S,"$480,000 ",210.704,2 Storey,8,4,3,1,Yes,2005,19
C4247970,46 CITADEL CREST GR NW,Calgary,S,"$480,000 ",182.554,2 Sty Split,9,3,3,1,Yes,1999,21
C4245785,1519 19 AV NW,Calgary,S,"$480,000 ",91.695,4 Lvl Split,5,3,2,1,Yes,1978,35
C4244291,60 Westover DR SW,Calgary,S,"$480,000 ",105.259,Bungalow,6,4,2,0,No,1958,46
C4237664,575 EVERGREEN CI SW,Calgary,S,"$480,000 ",218.415,2 Storey,8,3,2,1,Yes,2006,91
C4225053,55 DALHURST WY NW,Calgary,S,"$479,000 ",110.183,Bungalow,6,4,2,0,No,1971,135
C4247923,216 COUGAR RIDGE DR SW,Calgary,S,"$478,000 ",155.427,2 Storey,8,3,2,1,Yes,2004,13
C4248520,43 ROYAL BIRKDALE CR NW,Calgary,S,"$477,000 ",170.013,2 Storey,8,5,3,1,Yes,2004,11
C4241460,127 LEGACY REACH MR SE,Calgary,S,"$476,900 ",177.352,2 Storey,8,3,2,1,Yes,2015,59
C4249156,153 AUBURN MEADOWS BV SE,Calgary,S,"$475,000 ",164.531,2 Storey,8,4,3,1,Yes,2014,35
C4248321,62 EVANSBOROUGH CR NW,Calgary,S,"$475,000 ",181.161,2 Storey,7,3,2,1,Yes,2013,23
C4245849,236 SILVER HILL WY NW,Calgary,S,"$475,000 ",142.235,Bi-Level,7,4,3,0,Yes,1977,38
C4219240,57 LEGACY TC SE,Calgary,S,"$475,000 ",166.482,2 Storey,10,4,3,1,No,2014,193
C4243950,267 MIDVALLEY DR SE,Calgary,S,"$474,500 ",135.453,Bungalow,7,3,3,0,Yes,1979,36
C4243880,18393 CHAPARRAL ST SE,Calgary,S,"$474,500 ",175.865,2 Storey,9,4,2,1,Yes,1998,35
C4255001,20 MIDPARK CL SE,Calgary,S,"$473,500 ",128.485,4 Lvl Split,7,4,3,0,No,1981,12
C4254356,135 SUNRISE CI SE,Calgary,S,"$473,000 ",189.522,2 Sty Split,10,3,3,1,Yes,1988,19
C4238596,41 ROYAL BIRCH HT NW,Calgary,S,"$472,500 ",103.401,Bungalow,5,4,3,0,Yes,2004,59
C4246118,263 99 AV SE,Calgary,S,"$471,000 ",100.149,Bi-Level,6,4,2,0,No,1965,36
C4255476,19 SOMERGLEN WY SW,Calgary,S,"$470,000 ",186.921,2 Storey,10,4,3,1,Yes,2000,13
C4249590,68 DALZELL PL NW,Calgary,S,"$470,000 ",115.664,4 Lvl Split,6,4,1,2,Yes,1971,12
C4249393,107 HAWKHILL PL NW,Calgary,S,"$470,000 ",167.04,5 Lvl Split,7,5,3,0,Yes,1985,14
C4246138,6336 Dalsby RD NW,Calgary,S,"$470,000 ",137.496,Bungalow,7,4,2,0,Yes,1968,38
C4244140,11 ANAHEIM CI NE,Calgary,S,"$470,000 ",189.987,2 Storey,8,6,3,1,Yes,1997,61
C4223891,79 WOOD CR SW,Calgary,S,"$470,000 ",246.007,2 Storey,10,5,2,1,Yes,1980,158
C4222044,187 LEGACY CI SE,Calgary,S,"$470,000 ",204.48,2 Storey,8,3,2,1,Yes,2017,170
C4216057,2830 Parkdale BV NW,Calgary,S,"$470,000 ",95.319,Bungalow,5,4,2,0,No,1950,229
C4247285,13 EDGEFORD WY NW,Calgary,S,"$469,900 ",104.98,4 Lvl Split,6,3,2,1,Yes,1979,26
C4254058,64 HOLLYBURN RD SW,Calgary,S,"$469,000 ",99.035,Bungalow,6,4,2,0,No,1958,27
C4248679,440 CANTERBURY DR SW,Calgary,S,"$469,000 ",108.511,Bi-Level,6,4,2,1,Yes,1971,16
C4247994,18 Skyview Point RD NE,Calgary,S,"$469,000 ",142.235,2 Storey,5,4,3,1,Yes,2011,41
C4236146,67 COPPERLEAF CR SE,Calgary,S,"$469,000 ",199.37,2 Storey,9,4,3,1,Yes,2006,91
C4233115,15 STRATHCONA CR SW,Calgary,S,"$469,000 ",150.038,2 Storey,8,3,2,1,Yes,1981,97
C4218547,80 MACEWAN PARK RI NW,Calgary,S,"$469,000 ",180.046,2 Storey,9,4,3,1,Yes,1991,214
C4248418,62 TUSCANY HILLS PA NW,Calgary,S,"$468,500 ",158.307,2 Storey,7,4,2,1,Yes,1995,20
C4255686,172 COUGAR RIDGE CI SW,Calgary,S,"$468,000 ",138.89,2 Storey,7,3,2,1,Yes,2003,9
C4252810,19 Woodglen RI SW,Calgary,S,"$468,000 ",144,Bungalow,7,4,3,0,Yes,1978,24
C4252610,987 BRACEWOOD RI SW,Calgary,S,"$468,000 ",100.335,4 Lvl Split,6,5,2,1,Yes,1978,13
C4244302,168 ROYAL OAK TC NW,Calgary,S,"$468,000 ",171.127,2 Storey,7,3,2,1,Yes,2006,47
C4238308,3539 34 AV SW,Calgary,S,"$467,500 ",159.607,1 & Half St,7,4,2,0,No,1956,68
C4223653,105 Woodpark GR SW,Calgary,S,"$467,000 ",196.211,2 Sty Split,10,4,3,1,Yes,1993,156
C4203696,46 COUNTRY HILLS PA NW,Calgary,S,"$467,000 ",162.302,2 Storey,7,4,3,1,Yes,1999,297
C4245786,64 TARACOVE CR NE,Calgary,S,"$466,500 ",146.044,Bi-Level,6,5,4,0,No,2002,25
C4223665,121 EDGEBROOK RD NW,Calgary,S,"$466,000 ",147.902,Bungalow,8,3,2,0,Yes,1988,142
C4253318,31 DOUGLAS GLEN CM SE,Calgary,S,"$465,000 ",171.313,Bi-Level,9,5,3,0,Yes,1997,9
C4250601,211 GLAMORGAN PL SW,Calgary,S,"$465,000 ",101.45,Bungalow,6,5,2,0,No,1971,25
C4248183,438 CITADEL DR NW,Calgary,S,"$465,000 ",167.597,2 Storey,7,4,3,1,Yes,2001,29
C4244419,1204 SUN HARBOUR GR SE,Calgary,S,"$465,000 ",231.979,2 Sty Split,11,5,3,1,Yes,1989,47
C4232467,4603 20 AV NW,Calgary,S,"$465,000 ",68.377,Bungalow,4,2,1,0,No,1950,56
C4244940,334 OAKWOOD PL SW,Calgary,S,"$464,000 ",126.162,Bungalow,7,4,2,0,Yes,1971,30
C4232790,334 BRIDLERIDGE VW SW,Calgary,S,"$463,500 ",181.161,2 Storey,9,4,3,1,Yes,2008,114
C4255031,46 AUBURN GLEN CM SE,Calgary,S,"$463,000 ",170.013,2 Storey,7,3,2,1,Yes,2010,8
C4252672,3831 2 ST NW,Calgary,S,"$463,000 ",104.051,Bungalow,6,5,2,0,No,1955,14
C4242486,40 SANDPIPER WY NW,Calgary,S,"$463,000 ",162.952,2 Storey,7,5,3,1,Yes,1987,57
C4254635,3219 BARR RD NW,Calgary,S,"$462,500 ",103.866,Bungalow,6,4,2,1,Yes,1963,3
C4252986,133 TUSCANY MEADOWS CL NW,Calgary,S,"$462,500 ",166.111,2 Storey,8,3,2,1,Yes,2001,19
C4247375,70 SOMERGLEN WY SW,Calgary,S,"$462,000 ",193.052,2 Storey,10,3,2,1,Yes,2000,45
C4246002,404 WOODLAND CR SE,Calgary,S,"$462,000 ",104.051,Bi-Level,8,4,3,0,Yes,1963,13
C4244190,8 Hawkcliff ME NW,Calgary,S,"$461,000 ",175.587,2 Sty Split,9,4,3,1,Yes,1986,34
C4256893,4416 17 AV NW,Calgary,S,"$460,000 ",179.767,4 Lvl Split,5,3,2,1,No,1948,3
C4254777,174 Auburn Crest WY SE,Calgary,S,"$460,000 ",138.24,2 Storey,6,4,3,1,Yes,2013,16
C4253958,347 PARKWOOD CL SE,Calgary,S,"$460,000 ",134.709,Bungalow,8,3,2,0,Yes,1973,4
C4253208,10815 MAPLECREEK DR SE,Calgary,S,"$460,000 ",118.08,Bungalow,6,4,2,1,Yes,1967,1
C4253077,139 ARBOUR STONE CR NW,Calgary,S,"$460,000 ",150.038,2 Storey,9,3,2,1,Yes,2000,17
C4249238,315 CANTRELL PL SW,Calgary,S,"$460,000 ",118.173,Bi-Level,7,4,2,1,Yes,1973,13
C4248496,1324 10 AV SE,Calgary,S,"$460,000 ",85.192,Bungalow,5,2,2,0,No,1925,23
C4244439,80 PANATELLA DR NW,Calgary,S,"$460,000 ",172.521,2 Storey,8,5,3,1,Yes,2004,38
C4238922,14314 EVERGREEN ST SW,Calgary,S,"$460,000 ",187.2,2 Storey,9,4,2,1,Yes,1990,84
C4245189,4 HAWKHILL WY NW,Calgary,S,"$458,000 ",124.862,4 Lvl Split,6,5,3,0,Yes,1985,50
C4256065,665 CORAL SPRINGS BV NE,Calgary,S,"$457,500 ",191.752,2 Storey,7,4,2,1,Yes,1999,7
C4243203,111 LYNNVIEW CR SE,Calgary,S,"$457,500 ",123.375,4 Lvl Split,5,3,2,0,No,1975,47
C4238818,145 COUGARTOWN CI SW,Calgary,S,"$457,500 ",122.725,2 Storey,6,4,3,1,Yes,2005,82
C4247313,808 LAKE ONTARIO DR SE,Calgary,S,"$457,000 ",112.32,Bi-Level,5,4,2,1,Yes,1973,17
C4242456,451 DOUGLAS GLEN BV SE,Calgary,S,"$457,000 ",167.225,2 Storey,7,4,3,1,Yes,1995,42
C4241752,102 CHAPMAN CI SE,Calgary,S,"$457,000 ",175.494,2 Storey,7,4,3,1,Yes,2003,59
C4239576,87 ROYAL BIRCH PA NW,Calgary,S,"$457,000 ",137.404,2 Storey,7,3,2,1,Yes,2009,61
C4239054,380 WHITERIDGE CR NE,Calgary,S,"$457,000 ",169.176,2 Sty Split,9,4,2,1,Yes,1976,62
C4238892,29 SUNVISTA CR SE,Calgary,S,"$456,500 ",194.539,2 Storey,10,5,3,1,Yes,1992,74
C4254411,8524 BOWGLEN RD NW,Calgary,S,"$455,000 ",117.058,Bungalow,6,4,2,0,No,1958,9
C4253080,102 HAWKDALE CI NW,Calgary,S,"$455,000 ",145.115,Bungalow,8,2,2,0,Yes,1989,29
C4245480,3903 12 AV SW,Calgary,S,"$455,000 ",100.986,Bungalow,6,5,2,0,No,1959,57
C4228894,17151 SUNDOWN RD SE,Calgary,S,"$455,000 ",161.837,4 Lvl Split,7,3,2,1,Yes,1987,111
C4217728,321 Coral Springs PL NE,Calgary,S,"$455,000 ",178.374,2 Storey,6,5,3,1,Yes,1996,227
C4253578,370 TUSCANY DR NW,Calgary,S,"$454,500 ",164.345,2 Storey,8,4,3,1,Yes,2003,25
C4248965,140 Sun Harbour WY SE,Calgary,S,"$454,000 ",121.982,Bi-Level,8,5,3,0,Yes,1989,12
C4239529,436 BRIDLEMEADOWS CM SW,Calgary,S,"$453,800 ",181.161,2 Storey,9,4,3,1,Yes,2005,70
C4254998,716 HUNTS PL NW,Calgary,S,"$453,000 ",103.308,Bi-Level,7,5,2,1,Yes,1966,10
C4244500,46 SUNLAKE MR SE,Calgary,S,"$453,000 ",180.511,2 Storey,10,4,2,1,Yes,1990,45
C4254159,136 DOUGLAS GLEN HE SE,Calgary,S,"$452,500 ",161.187,2 Storey,9,4,3,1,Yes,1995,8
C4242089,83 COUGAR PLATEAU WY SW,Calgary,S,"$452,500 ",147.158,2 Storey,7,4,3,1,Yes,2004,47
C4233710,4503 Bowness RD NW,Calgary,S,"$452,500 ",59.737,Bungalow,4,2,1,0,No,1951,90
C4226730,73 Evanspark GD NW,Calgary,S,"$452,500 ",156.077,2 Storey,8,4,3,1,Yes,2011,124
C4236339,2 EVANSBROOKE MR NW,Calgary,S,"$452,000 ",179.303,2 Storey,8,3,2,2,Yes,2004,86
C4223830,132 WOODPARK CI SW,Calgary,S,"$451,000 ",202.25,2 Storey,10,3,2,1,Yes,1995,133
C4249204,415 WOODBEND RD SE,Calgary,S,"$450,000 ",125.326,Bi-Level,6,5,2,1,Yes,1964,9
C4248994,4716 70 ST NW,Calgary,S,"$450,000 ",114.549,Bungalow,5,3,2,0,No,1969,10
C4248088,119 DOUGLAS GLEN CR SE,Calgary,S,"$450,000 ",178.188,2 Storey,9,4,2,1,Yes,1997,18
C4247700,640 ACADIA DR SE,Calgary,S,"$450,000 ",103.866,4 Lvl Split,6,5,1,1,Yes,1966,50
C4241366,6131 TOUCHWOOD DR NW,Calgary,S,"$450,000 ",113.249,Bi-Level,6,4,2,1,Yes,1976,69
C4239224,252 HIDDEN VALLEY MR NW,Calgary,S,"$450,000 ",160.351,2 Storey,8,4,3,1,Yes,1996,27
C4238915,27 BRIGHTONCREST CM SE,Calgary,S,"$450,000 ",179.767,2 Storey,8,3,3,1,Yes,2008,70
C4236205,8139 33 AV NW,Calgary,S,"$450,000 ",147.623,Bungalow,3,3,1,0,No,1958,97
C4242905,4616 33 AV SW,Calgary,S,"$449,000 ",100.149,Bungalow,7,3,1,1,No,1959,61
C4239543,68 EVERGLEN GV SW,Calgary,S,"$448,000 ",182.833,2 Storey,9,4,2,1,Yes,2004,57
C4254644,72 SUNMEADOWS CO SE,Calgary,S,"$447,688 ",170.384,2 Storey,9,3,2,1,Yes,1993,9
C4243827,37 COVERTON HT NE,Calgary,S,"$447,500 ",195.561,2 Storey,11,6,4,0,Yes,1999,35
C4245604,153 SOMERGLEN RD SW,Calgary,S,"$446,000 ",179.953,2 Storey,9,3,2,1,Yes,1999,24
C4255883,161 DOUGLAS GLEN HE SE,Calgary,S,"$445,000 ",129.786,2 Storey,7,4,2,1,No,1996,12
C4249129,851 MCKENZIE DR SE,Calgary,S,"$445,000 ",141.863,5 Lvl Split,8,3,2,1,Yes,1986,9
C4246108,5045 ELGIN AV SE,Calgary,S,"$445,000 ",186.271,2 Storey,9,3,2,1,Yes,2009,36
C4244913,1011 MIDDLETON DR NE,Calgary,S,"$445,000 ",96.619,Bungalow,5,4,2,0,No,1965,28
C4244520,13066 DOUGLAS RIDGE GV SE,Calgary,S,"$445,000 ",170.384,2 Storey,9,3,3,1,Yes,2002,38
C4240978,61 SOMERSET CI SW,Calgary,S,"$445,000 ",177.723,2 Storey,9,3,2,1,Yes,1998,67
C4224571,93 SINCLAIR CR SW,Calgary,S,"$445,000 ",98.756,4 Lvl Split,6,3,1,1,No,1961,132
C4252699,22 SHAWINIGAN RI SW,Calgary,S,"$444,000 ",110.276,4 Lvl Split,7,4,3,0,Yes,1988,33
C4242084,104 EVERRIDGE DR SW,Calgary,S,"$442,000 ",182.833,2 Storey,8,4,3,1,Yes,2004,34
C4232876,11117 HIDDEN VALLEY DR NW,Calgary,S,"$442,000 ",159.886,2 Storey,8,4,2,1,Yes,1998,63
C4253598,80 ROYAL BIRCH PA NW,Calgary,S,"$441,000 ",,2 Storey,8,3,3,1,Yes,2009,12
C4255280,2403 98 AV SW,Calgary,S,"$440,000 ",112.877,4 Lvl Split,6,4,3,0,Yes,1978,13
C4254890,3815 19 ST NW,Calgary,S,"$440,000 ",100.149,Bungalow,6,4,2,0,No,1960,15
C4254379,211 MARTIN CROSSING PL NE,Calgary,S,"$440,000 ",164.16,2 Storey,9,3,3,1,Yes,2009,7
C4253919,3775 DOUGLAS RIDGE LI SE,Calgary,S,"$440,000 ",174.193,2 Storey,8,4,3,1,Yes,1998,19
C4247917,104 COUNTRY HILLS PA NW,Calgary,S,"$440,000 ",169.827,2 Storey,8,3,2,2,Yes,1999,17
C4247294,96 WOODSTOCK WY SW,Calgary,S,"$440,000 ",120.402,4 Lvl Split,7,5,3,0,Yes,1984,22
C4245130,91 BRIDLEPOST GR SW,Calgary,S,"$440,000 ",180.882,2 Storey,8,5,2,1,Yes,2000,23
C4241585,308 QUEENSLAND CI SE,Calgary,S,"$440,000 ",129.693,Bungalow,6,5,3,0,Yes,1975,74
C4226372,8739 33 AV NW,Calgary,S,"$440,000 ",155.427,Bungalow,5,4,3,0,Yes,1960,117
C4223387,66 Chaparral TC SE,Calgary,S,"$440,000 ",191.845,2 Storey,7,4,3,1,Yes,2000,141
C4210305,163 MASTERS HT SE,Calgary,S,"$440,000 ",165.367,2 Storey,8,3,2,2,Yes,2016,249
C4248874,188 MACEWAN RIDGE CL NW,Calgary,S,"$439,000 ",158.585,2 Storey,7,4,2,1,Yes,1990,19
C4252876,30 SUN HARBOUR RD SE,Calgary,S,"$438,900 ",200.113,2 Storey,8,4,2,1,Yes,1988,11
C4248714,562 CRANSTON DR SE,Calgary,S,"$438,500 ",149.574,2 Storey,7,4,3,1,Yes,2009,25
C4255202,132 Hawkwood DR NW,Calgary,S,"$438,000 ",119.009,Bungalow,6,4,3,0,Yes,1988,20
C4254622,3716 BROOKLYN CR NW,Calgary,S,"$438,000 ",100.707,Bungalow,6,3,1,0,No,1960,4
C4245924,12 HILTON AV NW,Calgary,S,"$437,500 ",98.384,Bungalow,6,5,1,0,No,1956,35
C4247528,8019 4A ST SW,Calgary,S,"$437,000 ",100.242,Bungalow,7,4,2,0,Yes,1957,24
C4236657,1418 29 ST SW,Calgary,S,"$437,000 ",124.397,2 Storey,6,3,1,1,No,1981,85
C4243473,3704 Douglas Ridge WY SE,Calgary,S,"$436,500 ",124.955,4 Lvl Split,6,4,2,1,Yes,1996,49
C4236225,74 Riverglen CL SE,Calgary,S,"$436,500 ",151.339,2 Storey,6,4,3,1,Yes,1989,66
C4252825,608 EVANSBOROUGH WY NW,Calgary,S,"$436,400 ",159.236,2 Storey,9,4,3,1,Yes,2014,32
C4256238,176 CITADEL ESTATES TC NW,Calgary,S,"$436,000 ",139.355,2 Storey,7,3,2,1,Yes,1999,14
C4253014,30 EVERWOODS GR SW,Calgary,S,"$436,000 ",171.22,2 Storey,9,3,2,1,Yes,2006,19
C4247640,50 ARBOUR RIDGE CL NW,Calgary,S,"$436,000 ",151.432,2 Storey,7,4,3,1,Yes,2000,35
C4255172,1316 96 AV SW,Calgary,S,"$435,000 ",103.308,Bungalow,5,3,3,0,Yes,1958,20
C4254757,209 ROYAL BIRKDALE CR NW,Calgary,S,"$435,000 ",172.8,2 Storey,7,4,3,1,Yes,2004,18
C4253670,159 NEW BRIGHTON DR SE,Calgary,S,"$435,000 ",168.154,2 Storey,8,3,2,1,Yes,2006,15
C4247438,155 CHAPALINA ME SE,Calgary,S,"$435,000 ",188.686,2 Storey,8,5,3,1,Yes,2007,37
C4245888,102 EVANSBOROUGH CM NW,Calgary,S,"$435,000 ",168.34,2 Storey,9,3,2,1,Yes,2014,28
C4242961,236 COPPERFIELD CM SE,Calgary,S,"$435,000 ",181.44,2 Storey,8,3,2,1,Yes,2006,53
C4241383,38 BRIGHTONDALE PA SE,Calgary,S,"$435,000 ",153.197,2 Storey,8,4,2,2,Yes,2006,65
C4238253,76 PANAMOUNT HT NW,Calgary,S,"$434,000 ",183.576,2 Storey,9,3,2,1,Yes,2002,77
C4241941,356 ADAMS CR SE,Calgary,S,"$433,200 ",108.697,Bungalow,6,3,2,0,No,1965,58
C4248524,13 MARTHA'S HAVEN MR NE,Calgary,S,"$433,000 ",161.837,2 Storey,8,5,3,1,Yes,1999,15
C4243801,49 SUN HARBOUR WY SE,Calgary,S,"$433,000 ",172.614,2 Storey,10,4,2,1,Yes,1992,50
C4248427,59 WOODMONT RD SW,Calgary,S,"$432,800 ",162.58,2 Sty Split,6,4,3,0,Yes,1981,12
C4245627,199 RANGE CR NW,Calgary,S,"$432,500 ",151.06,2 Storey,7,3,2,1,Yes,1978,22
C4254811,121 FIELDING DR SE,Calgary,S,"$432,000 ",95.783,Bungalow,6,4,2,0,Yes,1959,8
C4254194,12 MCKINLEY CO SE,Calgary,S,"$432,000 ",107.117,4 Lvl Split,6,4,2,1,Yes,1983,9
C4245550,45 EVERGLEN CR SW,Calgary,S,"$432,000 ",187.664,2 Storey,8,3,2,1,Yes,2007,53
C4231999,523 ARLINGTON DR SE,Calgary,S,"$431,500 ",98.849,Bungalow,7,4,2,0,Yes,1960,98
C4248690,15 RANCH ESTATES RD NW,Calgary,S,"$431,000 ",169.176,2 Sty Split,9,3,2,1,Yes,1979,15
C4254157,150 TUSCANY MEADOWS HT NW,Calgary,S,"$430,000 ",167.225,2 Storey,7,3,2,1,Yes,2001,7
C4244698,103 MACEWAN PARK RD NW,Calgary,S,"$430,000 ",158.678,2 Storey,9,3,2,1,Yes,1983,26
C4242571,84 SANDRINGHAM RD NW,Calgary,S,"$430,000 ",168.898,2 Storey,8,4,3,1,Yes,1991,45
C4236269,145 TUSCARORA WY NW,Calgary,S,"$430,000 ",104.33,Bungalow,5,5,3,0,Yes,2000,93
C4232648,56 Masters ST SE,Calgary,S,"$430,000 ",159.515,2 Storey,6,3,2,1,Yes,2018,114
C4232079,122 KINCORA PA NW,Calgary,S,"$430,000 ",166.575,2 Storey,8,3,2,1,Yes,2003,102
C4220947,126 Valley Stream CI NW,Calgary,S,"$430,000 ",175.401,2 Storey,8,3,2,1,Yes,2002,188
C4249581,163 CITADEL HILLS PL NW,Calgary,S,"$429,500 ",181.625,2 Storey,9,4,3,1,Yes,1992,26
C4254161,74 CITADEL MEADOW CR NW,Calgary,S,"$429,000 ",152.175,2 Storey,8,3,3,1,Yes,2001,13
C4236925,230 TARAWOOD PL NE,Calgary,S,"$429,000 ",135.638,Bi-Level,7,5,4,1,Yes,2003,20
C4253881,67 NEW BRIGHTON CL SE,Calgary,S,"$428,800 ",181.997,2 Storey,6,3,2,1,Yes,2007,23
C4247999,11 HIDDEN RANCH CR NW,Calgary,S,"$428,000 ",157.006,2 Storey,8,3,2,1,Yes,1998,22
C4243297,1207 MILLVIEW DR SW,Calgary,S,"$428,000 ",172.428,2 Sty Split,9,4,3,1,Yes,1991,55
C4242431,6103 84 ST NW,Calgary,S,"$428,000 ",112.506,4 Lvl Split,6,5,3,0,Yes,1978,57
C4239411,122 VALLEY PONDS CR NW,Calgary,S,"$428,000 ",148.924,2 Storey,7,3,3,1,Yes,1998,85
C4226347,20 COVEHAVEN TC NE,Calgary,S,"$428,000 ",144.186,2 Sty Split,7,4,3,0,Yes,2006,127
C4239275,162 SOMERSET CL SW,Calgary,S,"$427,750 ",167.411,2 Storey,8,5,4,0,Yes,1994,58
C4247773,525 DOUGLAS WOODS PL SE,Calgary,S,"$427,500 ",191.752,2 Storey,9,5,3,1,Yes,1990,41
C4247509,27 ELGIN VW SE,Calgary,S,"$427,500 ",160.815,2 Storey,8,3,2,1,Yes,2005,41
C4243419,7507 FLEETWOOD DR SE,Calgary,S,"$427,500 ",93.553,3 Lvl Split,6,3,2,0,No,1959,30
C4224999,57 HAMLET RD SW,Calgary,S,"$427,500 ",104.98,3 Lvl Split,5,2,2,0,Yes,1959,140
C4211279,269 EVANSMEADE CI NW,Calgary,S,"$427,000 ",184.877,2 Storey,10,3,2,1,Yes,2002,246
C4247785,184 TUSCANY VALLEY WY NW,Calgary,S,"$426,000 ",136.475,2 Storey,8,3,2,1,Yes,1995,19
C4256499,7744 HUNTERBURN HL NW,Calgary,S,"$425,900 ",92.531,Bungalow,5,4,2,0,No,1971,10
C4254653,208 12 AV NW,Calgary,S,"$425,200 ",54.255,Bungalow,3,2,2,0,No,1913,11
C4256649,246 ARBOUR GROVE CL NW,Calgary,S,"$425,000 ",81.011,Bi-Level,4,3,3,0,Yes,1997,8
C4254696,293 ARBOUR WOOD CL NW,Calgary,S,"$425,000 ",113.156,4 Lvl Split,5,5,3,0,Yes,1996,12
C4253897,327 ELDORADO PL NE,Calgary,S,"$425,000 ",163.974,2 Storey,7,4,3,1,Yes,1992,21
C4253413,101 MARTHA'S HAVEN GR NE,Calgary,S,"$425,000 ",172.242,2 Storey,8,4,3,1,Yes,2000,27
C4249509,123 FRANKLIN DR SE,Calgary,S,"$425,000 ",94.575,3 Lvl Split,6,3,2,0,No,1960,17
C4248109,34 CRANFORD BA SE,Calgary,S,"$425,000 ",148.273,2 Storey,8,4,3,1,Yes,2015,24
C4247754,32 EVANSBROOKE LD NW,Calgary,S,"$425,000 ",154.869,2 Storey,8,4,3,1,Yes,2005,16
C4245384,105 HARVEST PARK CI NE,Calgary,S,"$425,000 ",148.273,2 Storey,7,4,3,1,Yes,1997,24
C4242689,12 Harmon PL SW,Calgary,S,"$425,000 ",95.319,Bungalow,5,4,2,0,Yes,1967,42
C4226734,89 BRIDLERIDGE RD SW,Calgary,S,"$425,000 ",185.342,2 Storey,8,5,3,1,Yes,2002,112
C4249603,32 BERKSHIRE ME NW,Calgary,S,"$424,000 ",178.095,2 Storey,9,6,3,0,Yes,1980,13
C4252638,109 CRANFIELD GR SE,Calgary,S,"$423,500 ",167.504,2 Storey,8,3,2,1,Yes,2002,20
C4248590,336 AVONBURN RD SE,Calgary,S,"$422,500 ",95.411,Bungalow,6,4,2,0,Yes,1960,26
C4246218,555 EVANSBOROUGH WY NW,Calgary,S,"$422,500 ",146.044,2 Storey,9,3,2,1,Yes,2013,41
C4253374,140 TARALAKE PA NE,Calgary,S,"$422,000 ",152.268,2 Storey,8,5,3,1,Yes,2007,24
C4236141,456 21 AV NE,Calgary,S,"$422,000 ",100.8,1 & Half St,5,3,2,0,No,1947,78
C4238201,99 COPPERFIELD CR SE,Calgary,S,"$421,000 ",195.096,2 Storey,10,4,2,1,Yes,2004,93
C4253652,14 HAULTAIN PL SW,Calgary,S,"$420,500 ",95.133,Bungalow,6,4,2,0,No,1966,15
C4255534,44 THORNLEE CR NW,Calgary,S,"$420,000 ",95.319,Bungalow,6,4,2,0,No,1958,16
C4248505,187 TEMPLETON CI NE,Calgary,S,"$420,000 ",118.544,4 Lvl Split,6,4,3,0,No,1979,13
C4248468,148 QUEENSLAND PL SE,Calgary,S,"$420,000 ",140.748,Bungalow,7,3,2,1,Yes,1974,19
C4245705,48 Savanna LN NE,Calgary,S,"$420,000 ",163.045,2 Storey,7,4,3,0,Yes,2018,16
C4245549,4548 ELGIN AV SE,Calgary,S,"$420,000 ",140.284,2 Storey,8,4,3,1,Yes,2006,27
C4244729,31 EVERWOODS GR SW,Calgary,S,"$420,000 ",164.345,2 Storey,7,4,2,1,Yes,2005,53
C4242666,53 EVERHOLLOW PA SW,Calgary,S,"$420,000 ",150.503,2 Storey,7,3,3,1,Yes,2004,49
C4242489,40 HALLBROOK DR SW,Calgary,S,"$420,000 ",121.238,4 Lvl Split,6,5,2,0,No,1958,44
C4242282,248 NE MARTINVALLEY RD NE,Calgary,S,"$420,000 ",100.521,4 Lvl Split,6,4,3,0,Yes,2001,48
C4238207,67 CRANFORD CR SE,Calgary,S,"$420,000 ",144.836,2 Storey,9,4,3,1,Yes,2011,82
C4248680,240 Queensland CI SE,Calgary,S,"$418,400 ",118.451,Bungalow,6,4,2,1,Yes,1974,41
C4249097,5335 COPPERFIELD GA SE,Calgary,S,"$418,000 ",196.954,2 Storey,9,3,2,1,Yes,2002,28
C4248438,10635 SHILLINGTON CR SW,Calgary,S,"$418,000 ",99.871,Bungalow,6,4,2,0,No,1966,29
C4236742,15242 PRESTWICK BV SE,Calgary,S,"$418,000 ",196.676,2 Storey,10,4,3,1,Yes,1998,93
C4253836,11204 WILSON RD SE,Calgary,S,"$417,500 ",105.073,Bi-Level,5,4,2,0,No,1968,7
C4253755,362 EVANSDALE WY NW,Calgary,S,"$417,500 ",133.037,2 Storey,7,4,3,1,Yes,2007,19
C4243226,135 Panamount CR NW,Calgary,S,"$417,500 ",167.225,2 Storey,9,3,2,1,Yes,2001,35
C4238615,6444 SILVER RIDGE WY NW,Calgary,S,"$417,500 ",100.428,4 Lvl Split,6,4,1,2,Yes,1974,8
C4249444,905 LIVINGSTON WK NE,Calgary,S,"$417,412 ",168.062,2 Storey,7,3,2,1,Yes,2019,22
C4242477,10203 WAPITI DR SE,Calgary,S,"$417,000 ",94.018,Bi-Level,5,4,2,0,No,1965,67
C4229347,184 HARVEST PARK TC NE,Calgary,S,"$417,000 ",165.832,2 Storey,8,4,3,1,Yes,1999,120
C4225177,53 COPPERLEAF WY SE,Calgary,S,"$416,000 ",168.619,2 Storey,8,4,3,1,Yes,2007,125
C4244372,164 MARQUIS GR SE,Calgary,S,"$415,500 ",153.29,2 Storey,7,3,2,1,Yes,2015,36
C4252642,78 TUSCANY RIDGE TC NW,Calgary,S,"$415,000 ",136.567,2 Storey,5,3,3,1,Yes,2004,19
C4249530,1323 SHANNON AV SW,Calgary,S,"$415,000 ",120.124,Bi-Level,6,4,3,0,Yes,1993,17
C4248969,611 BLACKTHORN RD NE,Calgary,S,"$415,000 ",109.254,Bungalow,6,3,2,1,Yes,1972,31
C4242508,2728 45 ST SW,Calgary,S,"$415,000 ",77.76,Bungalow,4,3,2,0,No,1959,51
C4238502,728 SABRINA RD SW,Calgary,S,"$415,000 ",113.342,Bungalow,5,4,3,0,Yes,1968,71
C4238302,79 HIDDEN HILLS RD NW,Calgary,S,"$415,000 ",135.267,2 Storey,7,3,2,1,Yes,1998,67
C4229923,4 BERKLEY RI NW,Calgary,S,"$415,000 ",124.49,Bungalow,7,3,3,0,Yes,1978,106
C4229044,167 EVANSCREST PA NW,Calgary,S,"$415,000 ",161.001,2 Storey,7,4,2,1,Yes,2018,92
C4221507,1707 20 AV NW,Calgary,S,"$415,000 ",105.538,Bungalow,7,3,2,0,No,1961,125
C4243936,35 STRATHEARN RI SW,Calgary,S,"$414,500 ",97.177,Bungalow,6,3,2,0,No,1981,61
C4232497,201 MACEWAN PARK VW NW,Calgary,S,"$414,500 ",178.931,2 Storey,10,4,3,1,Yes,1994,110
C4241515,16 WHITERAM ME NE,Calgary,S,"$414,000 ",125.047,Bungalow,6,4,3,0,Yes,1981,69
C4199459,57 Masters RO SE,Calgary,S,"$413,900 ",136.01,2 Storey,6,3,2,1,Yes,2018,308
C4249179,17 HIDDEN RANCH CI NW,Calgary,S,"$413,000 ",150.131,2 Storey,6,3,2,1,Yes,1997,22
C4236185,173 RIVERWOOD CR SE,Calgary,S,"$413,000 ",159.236,2 Storey,8,3,3,1,Yes,1992,88
C4254913,515 Murray PL NE,Calgary,S,"$412,500 ",94.761,Bi-Level,5,4,2,0,No,1965,14
C4252983,12629 COVENTRY HILLS WY NE,Calgary,S,"$412,275 ",158.771,2 Storey,6,4,3,1,Yes,1998,17
C4256888,4304 DALGETTY HL NW,Calgary,S,"$412,000 ",112.227,Bungalow,7,5,2,0,No,1970,8
C4254391,719 CANTRELL DR SW,Calgary,S,"$412,000 ",113.992,Bungalow,6,5,2,1,No,1973,15
C4225162,115 SANDARAC DR NW,Calgary,S,"$412,000 ",181.625,4 Lvl Split,7,4,3,0,Yes,1991,129
C4248849,42 SKYVIEW POINT RD NE,Calgary,S,"$411,500 ",137.125,2 Storey,6,4,3,1,Yes,2011,21
C4252777,53 SKYVIEW POINT CM NE,Calgary,S,"$411,000 ",180.789,2 & Half St,8,4,2,1,Yes,2011,12
C4244631,74 ELGIN WY SE,Calgary,S,"$411,000 ",153.197,2 Storey,6,4,2,1,Yes,2002,52
C4247569,76 SUNHURST CR SE,Calgary,S,"$410,000 ",106.188,Bungalow,6,4,2,1,Yes,1981,24
C4246022,30 Corner meadows CM NE,Calgary,S,"$410,000 ",165.274,2 Storey,10,4,3,0,Yes,2018,32
C4244886,46 AUBURN CREST GR SE,Calgary,S,"$410,000 ",137.589,2 Storey,6,3,2,1,Yes,2012,57
C4244089,243 RUNDLECAIRN RD NE,Calgary,S,"$410,000 ",97.734,Bi-Level,5,5,4,1,Yes,1976,62
C4242647,14929 1st ST NW,Calgary,S,"$410,000 ",146.601,2 Storey,7,3,2,1,Yes,2019,49
C4242134,72 BEACHAM RI NW,Calgary,S,"$410,000 ",104.888,4 Lvl Split,6,4,2,2,Yes,1980,57
C4241350,1012 MAYLAND DR NE,Calgary,S,"$410,000 ",101.822,Bungalow,6,3,2,0,No,1964,64
C4238301,135 Skyview Springs GD NE,Calgary,S,"$410,000 ",141.956,2 Storey,6,4,3,1,Yes,2010,71
C4237282,73 COVECREEK ME NE,Calgary,S,"$410,000 ",152.64,2 Storey,7,3,2,1,No,2012,91
C4254371,9711 2 ST SE,Calgary,S,"$409,950 ",109.997,4 Lvl Split,6,3,2,1,Yes,1962,17
C4254713,15208 1 ST SE,Calgary,S,"$408,800 ",96.619,Bungalow,6,4,2,0,No,1977,8
C4254513,359 84 AV SE,Calgary,S,"$408,500 ",85.471,Bungalow,5,3,2,0,No,1960,15
C4252996,5314 COPPERFIELD GA SE,Calgary,S,"$408,500 ",157.656,2 Storey,9,4,3,1,Yes,2002,19
C4254842,120 DOUGLAS RIDGE ME SE,Calgary,S,"$408,000 ",150.967,2 Sty Split,9,3,2,1,Yes,1993,20
C4254875,29 EVANSBROOKE PA NW,Calgary,S,"$407,000 ",106.374,Bungalow,6,5,2,0,No,2004,12
C4238258,671 BROOKPARK DR SW,Calgary,S,"$407,000 ",139.262,Bungalow,8,4,3,0,Yes,1976,85
C4253645,91 TARALAKE WY NE,Calgary,S,"$405,000 ",109.997,Bi-Level,5,5,3,0,Yes,2005,15
C4245626,139 RIVERBROOK WY SE,Calgary,S,"$405,000 ",107.303,3 Lvl Split,7,3,2,0,No,1986,49
C4242992,37 Legacy CM SE,Calgary,S,"$405,000 ",136.475,2 Storey,7,4,3,1,Yes,2014,70
C4242542,91 CITADEL MEADOW GV NW,Calgary,S,"$405,000 ",153.755,2 Storey,6,3,2,1,Yes,1997,59
C4245497,10415 8 ST SW,Calgary,S,"$404,000 ",109.254,Bungalow,6,4,1,1,No,1960,35
C4248442,23 RIVER ROCK WY SE,Calgary,S,"$403,000 ",123.097,2 Storey,7,3,2,1,Yes,1993,30
C4244920,118 BRIDLECREEK TC SW,Calgary,S,"$403,000 ",158.864,2 Storey,8,3,3,1,Yes,1998,47
C4245810,6 SOMERSIDE MR SW,Calgary,S,"$402,500 ",143.164,2 Storey,7,4,3,1,Yes,1994,33
C4243075,611 PANORA WY NW,Calgary,S,"$402,500 ",136.939,2 Storey,6,3,2,1,Yes,2011,33
C4254694,1032 MAYLAND DR NE,Calgary,S,"$402,000 ",156.263,4 Lvl Split,5,4,2,0,No,1964,17
C4254043,1256 HUNTERQUAY HL NW,Calgary,S,"$400,000 ",100.614,Bungalow,6,4,2,1,Yes,1971,21
C4253387,536 WILLACY DR SE,Calgary,S,"$400,000 ",119.195,4 Lvl Split,7,5,2,0,Yes,1968,2
C4248285,43 SUNDOWN GR SE,Calgary,S,"$400,000 ",106.467,4 Lvl Split,7,4,2,0,No,1987,17
C4244387,211 Pinetree BA NE,Calgary,S,"$400,000 ",112.506,Bungalow,6,4,2,1,Yes,1974,44
C4240922,6528/6528B 23 AV NE,Calgary,S,"$400,000 ",87.608,Bungalow,5,5,2,0,No,1974,59
C4237765,194 HARVEST CREEK CL NE,Calgary,S,"$400,000 ",123.004,4 Lvl Split,6,4,3,0,Yes,1997,68
C4233188,9745 SANDERLING DR NW,Calgary,S,"$400,000 ",170.384,4 Lvl Split,5,3,2,1,Yes,1989,120
C4254989,16283 5 ST SW,Calgary,S,"$399,000 ",114.921,4 Lvl Split,6,3,2,0,No,1987,11
C4247755,104 RUNDLEVIEW DR NE,Calgary,S,"$399,000 ",96.34,Bungalow,5,4,2,0,No,1974,40
C4205050,83 CHAPARRAL CL SE,Calgary,S,"$399,000 ",118.916,Bungalow,6,1,2,1,Yes,1997,292
C4243845,146 CRANFIELD CR SE,Calgary,S,"$398,500 ",131.829,2 Storey,7,3,2,1,Yes,2002,35
C4252871,38 SUNVALE ME SE,Calgary,S,"$398,300 ",175.68,2 Sty Split,11,4,3,0,Yes,1985,11
C4252939,12 TUSCANY SPRINGS RD NW,Calgary,S,"$397,500 ",120.96,2 Storey,7,4,2,1,Yes,2002,11
C4253153,80 TARALAKE ST NE,Calgary,S,"$395,200 ",161.001,2 Storey,7,3,2,1,Yes,2007,11
C4254346,30 TUSCANY SPRINGS RI NW,Calgary,S,"$395,000 ",119.659,2 Storey,6,3,2,1,Yes,2002,17
C4253974,62 CRANFORD CM SE,Calgary,S,"$395,000 ",133.037,2 Storey,7,3,3,1,Yes,2013,11
C4253321,8 TEMPLEHILL BA NE,Calgary,S,"$395,000 ",160.351,2 Sty Split,10,4,2,1,Yes,1978,9
C4248473,3721 DOUGLAS RIDGE WY SE,Calgary,S,"$395,000 ",161.465,2 Storey,8,3,2,1,Yes,1997,17
C4248400,4311 EDMONTON TR NE,Calgary,S,"$395,000 ",89.559,Bungalow,4,3,2,0,No,1961,19
C4248296,143 NEW BRIGHTON ME SE,Calgary,S,"$395,000 ",175.68,2 Storey,8,3,2,2,Yes,2003,10
C4232488,91 HOLMWOOD AV NW,Calgary,S,"$395,000 ",100.335,Bungalow,7,4,1,0,No,1955,97
C4217812,24 CRANBROOK GR SE,Calgary,S,"$395,000 ",151.246,2 Storey,7,3,2,1,Yes,2018,220
C4245435,219 SKYVIEW POINT RD NE,Calgary,S,"$394,500 ",144.65,2 Storey,6,3,2,1,Yes,2013,44
C4242781,67 EVERSYDE CI SW,Calgary,S,"$393,000 ",121.238,2 Storey,7,4,2,1,No,2004,54
C4246170,75 CHAPALINA CR SE,Calgary,S,"$392,500 ",152.733,2 Storey,8,3,2,1,Yes,2000,27
C4220914,72 WALCREST GA SE,Calgary,S,"$392,500 ",137.404,3 Storey,8,3,2,1,Yes,2018,178
C4245887,228 19 AV NE,Calgary,S,"$391,500 ",79.618,1 & Half St,6,2,1,0,No,1910,43
C4238757,127 CHAPARRAL RIDGE CI SE,Calgary,S,"$391,500 ",175.401,2 Storey,8,5,2,1,Yes,1998,74
C4256688,1334 18 AV NW,Calgary,S,"$390,000 ",109.997,Bungalow,5,2,1,0,No,1947,8
C4252935,90 CRANFORD PA SE,Calgary,S,"$390,000 ",157.935,2 Storey,9,3,3,1,Yes,2013,28
C4252830,528 ARLINGTON DR SE,Calgary,S,"$390,000 ",103.959,3 Lvl Split,5,3,1,1,Yes,1968,11
C4249163,304 SILVERADO DR SW,Calgary,S,"$390,000 ",156.356,2 Storey,6,3,2,1,Yes,2007,17
C4244060,447 ABERDEEN RD SE,Calgary,S,"$390,000 ",96.062,Bungalow,6,3,1,0,No,1960,29
C4216497,80 LEGACY REACH MR SE,Calgary,S,"$390,000 ",152.918,2 Storey,8,3,2,1,Yes,2015,216
C4187493,50 SANDERLING RD NW,Calgary,S,"$390,000 ",178.56,2 Sty Split,8,5,3,1,Yes,1988,380
C4248807,193 DOUGLAS RIDGE CI SE,Calgary,S,"$389,900 ",161.187,2 Storey,7,4,2,1,Yes,1998,20
C4247602,481 HARVEST LAKE DR NE,Calgary,S,"$389,000 ",112.041,Bi-Level,5,4,3,0,Yes,1992,14
C4253994,136 TEMPLETON CI NE,Calgary,S,"$388,500 ",111.205,4 Lvl Split,8,3,4,0,Yes,1977,14
C4244516,183 SHAWNESSY DR SW,Calgary,S,"$388,500 ",103.68,Bungalow,6,4,2,1,No,1981,41
C4248569,172 BRACEWOOD RD SW,Calgary,S,"$388,000 ",109.44,Bungalow,7,3,1,1,Yes,1978,13
C4242424,104 DOUGLAS WOODS TC SE,Calgary,S,"$388,000 ",178.095,2 Storey,8,3,2,1,Yes,1991,42
C4248301,20 WHITEMONT PL NE,Calgary,S,"$387,500 ",102.193,Bungalow,7,4,2,1,Yes,1977,12
C4248270,216 Ranchview Place NW NW,Calgary,S,"$385,000 ",101.079,4 Lvl Split,6,4,2,1,Yes,1978,18
C4248150,47 TARALEA GD NE,Calgary,S,"$385,000 ",130.157,2 Storey,6,4,3,1,Yes,2002,14
C4247588,122 NEW BRIGHTON CI SE,Calgary,S,"$385,000 ",132.851,2 Storey,7,3,2,1,Yes,2002,21
C4245450,285 COVEWOOD CI NE,Calgary,S,"$385,000 ",151.06,2 Storey,8,3,2,1,Yes,2002,48
C4241203,52 CRANFORD PA SE,Calgary,S,"$385,000 ",139.355,2 Storey,6,3,2,1,Yes,2014,27
C4239380,388 SILVERADO DR SW,Calgary,S,"$385,000 ",133.037,2 Storey,7,3,2,1,Yes,2007,65
C4248507,419 HUNTLEY WY NE,Calgary,S,"$384,000 ",89.837,Bi-Level,6,4,2,0,No,1972,11
C4245678,450 HUNTLEY WY NE,Calgary,S,"$384,000 ",97.269,Bungalow,6,5,2,1,Yes,1973,31
C4245258,125 28 AV NE,Calgary,S,"$384,000 ",78.968,3 Lvl Split,6,3,1,0,No,1912,27
C4243830,27 SADDLECREST WY NE,Calgary,S,"$384,000 ",154.033,2 Storey,8,3,2,1,Yes,2005,33
C4243901,28 WOODMONT RI SW,Calgary,S,"$383,450 ",144,2 Storey,7,3,2,1,Yes,1980,43
C4255465,6 COVENTRY LI NE,Calgary,S,"$383,000 ",94.204,4 Lvl Split,6,3,2,0,No,2000,15
C4252864,89 CITADEL BLUFF CL NW,Calgary,S,"$383,000 ",108.046,2 Storey,7,4,2,1,No,2002,32
C4252798,341 DOUGLAS RIDGE CI SE,Calgary,S,"$383,000 ",135.546,2 Storey,8,3,2,1,Yes,1997,9
C4249449,140 SHAWINIGAN DR SW,Calgary,S,"$383,000 ",162.302,2 Storey,8,3,2,1,Yes,1989,15
C4238278,61 HARVEST CREEK CL NE,Calgary,S,"$383,000 ",128.764,2 Storey,6,3,2,1,Yes,1997,85
C4253977,139 MT ABERDEEN CL SE,Calgary,S,"$382,900 ",115.85,2 Storey,8,3,2,1,No,1999,14
C4253992,7515 39 AV NW,Calgary,S,"$382,500 ",83.241,Bungalow,5,2,2,0,No,1958,7
C4248652,184 RIVERSTONE CR SE,Calgary,S,"$382,000 ",125.605,3 Lvl Split,6,3,2,0,Yes,1990,37
C4246055,10531 OAKMOOR WY SW,Calgary,S,"$382,000 ",109.811,Bungalow,8,3,1,1,Yes,1973,48
C4228945,148 HIDDEN HILLS RD NW,Calgary,S,"$381,000 ",142.142,2 Storey,7,4,2,1,Yes,1997,110
C4225958,224 ALLAN CR SE,Calgary,S,"$381,000 ",102.1,Bi-Level,7,4,2,0,No,1965,120
C4248672,94 BRIDLEWOOD DR SW,Calgary,S,"$380,500 ",148.366,2 Storey,7,4,3,1,Yes,1999,39
C4256073,196 TUSCANY VALLEY WY NW,Calgary,S,"$380,000 ",103.308,Bi-Level,5,4,3,0,Yes,1996,15
C4255925,72 SILVERADO RANGE CL SW,Calgary,S,"$380,000 ",131.458,2 Storey,6,3,2,1,Yes,2006,13
C4254168,116 COPPERPOND PA SE,Calgary,S,"$380,000 ",154.591,2 Storey,8,3,2,1,Yes,2013,18
C4254007,16 COVILLE CR NE,Calgary,S,"$380,000 ",94.389,4 Lvl Split,7,3,2,1,Yes,1999,26
C4249071,307 CEDARILLE CR SW,Calgary,S,"$380,000 ",114.642,Bungalow,6,3,2,1,Yes,1973,30
C4248582,2103 NEW BRIGHTON PA SE,Calgary,S,"$380,000 ",128.485,2 Storey,6,3,3,1,Yes,2011,13
C4248044,193 MACEWAN GLEN DR NW,Calgary,S,"$380,000 ",98.106,Bi-Level,6,3,2,1,Yes,1981,30
C4247393,19 LEGACY REACH MR SE,Calgary,S,"$380,000 ",140.005,2 Storey,8,3,2,1,Yes,2015,44
C4245793,70 BRIDLEGLEN MR SW,Calgary,S,"$380,000 ",120.774,2 Storey,6,3,2,1,No,2000,33
C4244224,174 Coventry CL NE,Calgary,S,"$380,000 ",104.609,Bungalow,6,5,3,0,Yes,1992,46
C4243120,43 CEDARDALE HL SW,Calgary,S,"$380,000 ",124.397,Bungalow,6,2,2,0,Yes,1984,53
C4229598,137 TUSCANY SPRINGS HT NW,Calgary,S,"$380,000 ",104.33,2 Storey,6,3,1,1,No,2003,121
C4218562,179 COPPERPOND SQ SE,Calgary,S,"$380,000 ",154.684,2 Storey,8,3,2,1,Yes,2013,217
C4245952,344 SILVERADO DR SW,Calgary,S,"$379,000 ",135.174,2 Storey,6,3,2,1,Yes,2007,11
C4254836,2326 WOODVIEW DR SW,Calgary,S,"$378,000 ",120.774,2 Storey,6,4,2,1,No,1980,17
C4249473,62 MARTINVALLEY WY NE,Calgary,S,"$378,000 ",93.089,Bi-Level,6,4,2,1,Yes,2000,14
C4245722,211 NEW BRIGHTON LD SE,Calgary,S,"$377,500 ",126.534,2 Storey,6,4,3,1,Yes,2009,32
C4254660,203 PINEMILL RD NE,Calgary,S,"$376,500 ",102.937,Bungalow,6,5,2,1,Yes,1975,17
C4245636,171 HUNTINGTON GR NE,Calgary,S,"$375,150 ",91.881,Bungalow,6,4,2,0,No,1972,48
C4253988,9712 ACADEMY DR SE,Calgary,S,"$375,100 ",96.34,Bungalow,6,4,2,0,No,1962,1
C4255974,8015 RANCHVIEW DR NW,Calgary,S,"$375,000 ",103.587,3 Lvl Split,6,3,3,0,Yes,1979,13
C4253472,80 SOMERSET DR SW,Calgary,S,"$375,000 ",147.437,2 Storey,9,3,2,1,Yes,1994,23
C4253187,298 NOLAN HILL DR NW,Calgary,S,"$375,000 ",117.244,2 Storey,6,3,2,1,Yes,2014,15
C4252657,87 CHAPARRAL RIDGE CI SE,Calgary,S,"$375,000 ",161.558,2 Storey,8,3,2,1,Yes,2002,6
C4248009,125 MT LORETTE PL SE,Calgary,S,"$375,000 ",96.248,Bi-Level,6,5,2,0,No,1995,15
C4245407,105 SOMERSET DR SW,Calgary,S,"$375,000 ",112.413,3 Lvl Split,6,3,2,0,Yes,1997,48
C4233757,202 EVANSMEADE CL NW,Calgary,S,"$375,000 ",141.027,2 Storey,7,3,2,1,Yes,2003,91
C4252797,147 Midglen PL SE,Calgary,S,"$374,900 ",109.068,Bungalow,7,4,2,1,Yes,1976,10
C4253987,27 COPPERFIELD CM SE,Calgary,S,"$374,500 ",137.589,2 Storey,7,3,2,1,Yes,2005,21
C4248888,5115 WHITEHORN DR NE,Calgary,S,"$374,000 ",94.111,Bungalow,6,5,2,1,Yes,1974,34
C4248445,35 RIVER ROCK WY SE,Calgary,S,"$374,000 ",119.845,2 Storey,7,3,2,1,Yes,1993,33
C4245650,35 EDGEFORD WY NW,Calgary,S,"$372,500 ",90.673,Bungalow,5,4,2,0,No,1979,26
C4245057,127 APPLESTONE PA SE,Calgary,S,"$372,000 ",102.565,Bungalow,6,5,3,0,Yes,1997,26
C4244366,127 PRESTWICK PT SE,Calgary,S,"$372,000 ",135.267,2 Storey,6,3,2,1,Yes,2005,58
C4243952,3416 60 ST NE,Calgary,S,"$372,000 ",98.477,Bungalow,6,3,2,0,No,1978,45
C4223702,222 31 AV NE,Calgary,S,"$371,250 ",70.606,Bungalow,5,2,1,0,No,1916,148
C4256260,5404 TEMPLE WY NE,Calgary,S,"$371,000 ",117.244,Bi-Level,6,5,2,1,Yes,1976,12
C4254478,55 COVENTRY RD NE,Calgary,S,"$371,000 ",120.681,2 Storey,7,4,2,1,No,2001,18
C4249165,51 MIDGLEN DR SE,Calgary,S,"$371,000 ",98.106,Bungalow,5,5,2,1,Yes,1978,22
C4240902,22 SOMERCREST MR SW,Calgary,S,"$371,000 ",136.289,2 Storey,7,3,3,1,Yes,1994,61
C4226148,171 OGDEN RI SE,Calgary,S,"$371,000 ",91.231,Bungalow,5,3,2,0,No,1975,132
C4253781,223 Forest RD SE,Calgary,S,"$370,000 ",95.04,Bungalow,6,4,2,0,No,1967,15
C4249409,211 NE COVEPARK CL NE,Calgary,S,"$370,000 ",85.657,Bi-Level,5,3,2,0,No,2002,13
C4249243,4604 20 AV NW,Calgary,S,"$370,000 ",68.562,Bungalow,4,2,1,0,No,1950,32
C4245520,2527 SOUTHWOOD DR SE,Calgary,S,"$370,000 ",102.193,Bungalow,5,2,2,0,No,1964,27
C4238005,1227 NEW BRIGHTON PA SE,Calgary,S,"$370,000 ",124.862,2 Storey,6,3,2,1,Yes,2010,76
C4254279,147 EVERGLEN RI SW,Calgary,S,"$369,750 ",134.802,2 Storey,8,3,2,1,Yes,2005,13
C4244421,272 TEMPLETON CI NE,Calgary,S,"$369,000 ",157.099,2 Storey,8,4,3,1,Yes,1981,35
C4256194,16 CRANFORD PA SE,Calgary,S,"$368,500 ",153.662,2 Storey,6,3,1,1,No,2014,7
C4245828,1243 NEW BRIGHTON PA SE,Calgary,S,"$368,500 ",133.316,2 Storey,6,3,2,1,No,2010,22
C4244767,48 BEDRIDGE RD NE,Calgary,S,"$368,500 ",122.075,Bungalow,8,3,2,2,Yes,1979,51
C4252815,2 ROYAL BIRCH GV NW,Calgary,S,"$368,000 ",102.844,2 Storey,7,3,1,1,No,2001,11
C4244210,335 Pinewind CL NE,Calgary,S,"$368,000 ",91.974,Bungalow,6,5,2,1,Yes,1975,35
C4256396,77 SOMERSET DR SW,Calgary,S,"$367,500 ",106.002,4 Lvl Split,6,3,2,1,Yes,1994,10
C4240828,343 Queensland PL SE,Calgary,S,"$366,500 ",89.466,Bi-Level,4,4,2,0,No,1977,61
C4255550,17 HIDDEN SPRING CI NW,Calgary,S,"$365,000 ",122.26,2 Storey,5,3,2,1,Yes,1994,9
C4253517,460 HUNTINGTON WY NE,Calgary,S,"$365,000 ",92.624,Bungalow,6,4,2,0,No,1972,10
C4249337,340 96 AV SE,Calgary,S,"$365,000 ",93.182,Bungalow,5,4,2,0,No,1962,30
C4248228,175 EVANSMEADE CM NW,Calgary,S,"$365,000 ",131.458,2 Storey,7,3,3,1,Yes,2004,21
C4247276,587 DEERPATH CO SE,Calgary,S,"$365,000 ",87.515,Bi-Level,5,3,2,0,No,1981,30
C4243709,763 RANCHVIEW CI NW,Calgary,S,"$365,000 ",130.064,1 & Half St,6,3,2,0,No,1977,44
C4239292,338 Erin CI SE,Calgary,S,"$365,000 ",166.204,4 Lvl Split,7,4,3,0,Yes,1996,84
C4244551,8039 Fairmount DR SE,Calgary,S,"$363,500 ",104.516,Bungalow,6,3,2,0,No,1959,43
C4248374,925 40 ST SW,Calgary,S,"$363,000 ",97.455,Bungalow,5,3,1,0,No,1958,42
C4238039,193 BRIDLEGLEN MR SW,Calgary,S,"$363,000 ",110.555,2 Storey,5,3,2,1,No,2001,35
C4255362,297 TARINGTON CL NE,Calgary,S,"$361,500 ",114.085,2 Storey,6,4,2,1,No,1999,11
C4256130,212 EDGEDALE WY NW,Calgary,S,"$360,000 ",96.712,Bungalow,6,4,2,0,No,1979,11
C4253695,827 21 AV SE,Calgary,S,"$360,000 ",64.475,Bungalow,5,2,1,0,No,1904,5
C4253166,148 COPPERPOND RD SE,Calgary,S,"$360,000 ",113.713,2 Storey,6,3,2,1,Yes,2008,24
C4252819,92 92 Los Alamos Crescent NE CR NE,Calgary,S,"$360,000 ",97.177,4 Lvl Split,5,5,3,0,No,1999,14
C4243881,36 TUSCANY SPRINGS RI NW,Calgary,S,"$360,000 ",104.516,2 Storey,6,3,1,1,No,2002,42
C4228789,272 COPPERSTONE GD SE,Calgary,S,"$360,000 ",122.632,2 Storey,6,3,2,1,Yes,2008,136
C4226745,112 MARTINDALE CL NE,Calgary,S,"$360,000 ",90.766,Bi-Level,5,5,2,0,No,1986,117
C4225705,1118 MILLCREST RI SW,Calgary,S,"$360,000 ",144.186,2 Storey,8,3,2,1,Yes,1989,138
C4233753,22 SOMERVALE GR SW,Calgary,S,"$359,000 ",97.548,Bi-Level,6,5,3,0,No,1996,92
C4254590,155 SILVERADO PLAINS CL SW,Calgary,S,"$357,000 ",131.829,2 Storey,7,3,2,1,Yes,2007,23
C4248794,5308 COPPERFIELD GA SE,Calgary,S,"$356,000 ",136.103,2 Storey,6,4,2,1,Yes,2002,11
C4249103,193 MT ABERDEEN CI SE,Calgary,S,"$355,000 ",85.471,Bi-Level,5,3,1,0,No,1997,21
C4239376,348 MANORA RI NE,Calgary,S,"$355,000 ",97.92,Bungalow,7,5,2,0,No,1974,73
C4235451,168 CASTLEDALE WY NE,Calgary,S,"$355,000 ",97.641,Bi-Level,5,5,2,0,No,1981,87
C4226613,204 LYSANDER PL SE,Calgary,S,"$355,000 ",107.117,Bungalow,6,5,2,1,Yes,1974,130
C4254409,238 COVEMEADOW CR NE,Calgary,S,"$354,200 ",117.615,2 Storey,5,4,2,1,No,2004,13
C4248231,43 Sunvale CO SE,Calgary,S,"$353,000 ",99.128,2 Storey,5,4,1,1,No,1982,13
C4244161,1142 MARTINDALE BV NE,Calgary,S,"$353,000 ",76.552,Bi-Level,5,4,2,0,No,2000,48
C4232095,4608 20 AV NW,Calgary,S,"$352,500 ",61.781,Bungalow,4,2,1,0,No,1952,113
C4252705,1953 COTTONWOOD CR SE,Calgary,S,"$352,000 ",94.389,Bungalow,6,5,2,0,No,1962,13
C4249241,299 MADDOCK WY NE,Calgary,S,"$352,000 ",100.428,Bungalow,6,3,2,1,Yes,1973,12
C4235530,108 PRESTWICK AV SE,Calgary,S,"$352,000 ",121.424,2 Storey,6,3,2,1,Yes,2000,90
C4249369,172 BEDDINGTON DR NE,Calgary,S,"$351,000 ",115.478,Bungalow,5,4,2,1,No,1980,29
C4248926,79 SAN DIEGO PL NE,Calgary,S,"$351,000 ",124.49,2 Storey,7,4,2,1,No,1995,13
C4242352,7234 LAGUNA WY NE,Calgary,S,"$351,000 ",116.315,2 Storey,6,3,2,1,No,1997,51
C4253461,119 MILLRISE DR SW,Calgary,S,"$350,000 ",114.642,Bungalow,6,4,2,0,Yes,1981,11
C4249213,1008 New Brighton GD SE,Calgary,S,"$350,000 ",124.397,2 Storey,6,3,2,1,Yes,2005,12
C4247696,47 sunbank RD SE,Calgary,S,"$350,000 ",101.264,3 Lvl Split,6,3,1,1,Yes,1982,14
C4244838,116 TUSCANY SPRINGS WY NW,Calgary,S,"$350,000 ",124.026,2 Storey,7,3,2,1,Yes,2001,45
C4249137,1172 Ranchlands BV NW,Calgary,S,"$349,900 ",88.165,Bungalow,6,4,2,1,No,1978,12
C4237526,211 AUBURN BAY HT SE,Calgary,S,"$349,500 ",122.725,2 Storey,6,3,2,1,Yes,2007,71
C4254728,983 RUNDLECAIRN WY NE,Calgary,S,"$349,000 ",98.106,4 Lvl Split,5,4,2,0,No,1976,19
C4249124,55 MACEWAN GLEN RD NW,Calgary,S,"$348,500 ",97.92,Bi-Level,6,3,2,1,Yes,1982,27
C4253537,5119 44 AV NE,Calgary,S,"$348,000 ",117.522,Bungalow,6,4,2,1,Yes,1976,24
C4244188,79 COPPERFIELD HT SE,Calgary,S,"$348,000 ",83.706,Bi-Level,5,3,2,0,No,2004,36
C4256821,232 EVANSDALE WY NW,Calgary,S,"$346,000 ",111.669,2 Storey,5,2,2,1,Yes,2009,8
C4257349,615 12 AV NE,Calgary,S,"$345,000 ",108.789,Bungalow,1,0,1,0,No,1946,1
C4254820,60 MILLRISE CR SW,Calgary,S,"$345,000 ",145.207,2 Storey,9,3,2,1,Yes,1988,22
C4254203,235 PINEMILL RD NE,Calgary,S,"$345,000 ",125.605,Bungalow,6,3,2,0,Yes,1975,18
C4253893,5931 18 AV NE,Calgary,S,"$345,000 ",107.024,3 Lvl Split,6,4,2,0,No,1973,13
C4249012,4628 20 AV NW,Calgary,S,"$345,000 ",78.224,Bungalow,5,2,1,0,No,1952,37
C4249560,80 MACEWAN MEADOW CR NW,Calgary,S,"$344,000 ",95.226,4 Lvl Split,6,3,1,1,No,1988,7
C4247582,176 DEERBOW CI SE,Calgary,S,"$344,000 ",110.833,4 Lvl Split,7,4,2,1,Yes,1983,32
C4241883,40 SNOWDON CR SW,Calgary,S,"$344,000 ",108.325,4 Lvl Split,5,4,1,1,No,1966,44
C4248326,70 BRIDLEWOOD MR SW,Calgary,S,"$343,250 ",109.904,2 Storey,5,3,2,1,Yes,1999,14
C4253303,703 ERIN WOODS DR SE,Calgary,S,"$343,000 ",166.482,2 Storey,9,5,2,1,Yes,1992,23
C4244123,448 QUEEN CHARLOTTE DR SE,Calgary,S,"$342,500 ",108.325,Bungalow,6,3,2,1,Yes,1975,43
C4236032,4423 Maryvale DR NE,Calgary,S,"$342,000 ",107.396,Bungalow,7,3,2,0,No,1969,93
C4253102,519 FOREST PL SE,Calgary,S,"$341,000 ",100.8,Bungalow,6,5,2,0,No,1966,23
C4255090,109 COUNTRY HILLS PL NW,Calgary,S,"$340,000 ",116.315,2 Storey,6,3,1,1,No,1998,14
C4243543,251 ERIN MEADOW CL SE,Calgary,S,"$340,000 ",153.569,4 Lvl Split,7,3,2,0,No,1993,65
C4236982,480 WHITELAND DR NE,Calgary,S,"$340,000 ",79.804,Bi-Level,4,4,2,0,No,2016,93
C4248162,4323 69 ST NW,Calgary,S,"$339,000 ",66.24,Bungalow,4,2,1,0,No,1958,23
C4245042,199 LYNNWOOD DR SE,Calgary,S,"$339,000 ",93.46,Bungalow,6,4,1,0,No,1959,19
C4249248,120 BERMUDA DR NW,Calgary,S,"$338,000 ",118.266,Bi-Level,6,3,2,0,Yes,1981,10
C4195804,54 SILVERADO PLAINS CI SW,Calgary,S,"$338,000 ",129.878,2 Storey,7,3,2,1,Yes,2008,357
C4249367,31 WHITMIRE RD NE,Calgary,S,"$337,000 ",93.646,Bungalow,6,6,2,0,No,1981,8
C4248516,15754 EVERSTONE RD SW,Calgary,S,"$336,500 ",82.962,Bi-Level,5,3,2,0,No,2002,28
C4252795,495 MACEWAN DR NW,Calgary,S,"$335,300 ",109.254,Bi-Level,5,4,3,0,Yes,1990,5
C4253998,327 CASTLERIDGE DR NE,Calgary,S,"$335,000 ",96.619,Bi-Level,5,6,2,0,No,1981,12
C4249377,77 MARTIN CROSSING CV NE,Calgary,S,"$335,000 ",74.787,Bi-Level,5,4,2,0,No,2002,32
C4248565,16 Woodfield GR SW,Calgary,S,"$335,000 ",128.113,2 Storey,6,3,2,1,Yes,1980,38
C4247937,6428 33 AV NW,Calgary,S,"$335,000 ",88.722,Bungalow,5,2,1,0,No,1948,30
C4236536,109 RIVERCREST CI SE,Calgary,S,"$335,000 ",93.275,Bi-Level,6,5,2,0,No,1992,88
C4227158,1052 BRIDLEMEADOWS MR SW,Calgary,S,"$334,000 ",96.433,Bi-Level,6,4,2,0,No,2003,134
C4249153,44 SUNVALE CR SE,Calgary,S,"$333,000 ",99.778,Bungalow,6,3,2,0,No,1983,9
